{"v":"5.6.10","fr":100,"ip":0,"op":181,"w":500,"h":500,"nm":"177-envelope-mail-send-outline","ddd":0,"assets":[],"layers":[{"ddd":0,"ind":1,"ty":3,"nm":"02092020","sr":1,"ks":{"o":{"a":0,"k":0,"ix":11},"r":{"a":0,"k":0,"ix":10},"p":{"a":0,"k":[-105,15,0],"ix":2},"a":{"a":0,"k":[60,60,0],"ix":1},"s":{"a":0,"k":[100,100,100],"ix":6}},"ao":0,"ef":[{"ty":5,"nm":"02092020002","np":3,"mn":"ADBE Checkbox Control","ix":1,"en":1,"ef":[{"ty":7,"nm":"Checkbox","mn":"ADBE Checkbox Control-0001","ix":1,"v":{"a":0,"k":0,"ix":1}}]}],"ip":0,"op":500,"st":0,"bm":0},{"ddd":0,"ind":2,"ty":4,"nm":"lordicon.com Outlines","cl":"com","sr":1,"ks":{"o":{"a":0,"k":20,"ix":11,"x":"var $bm_rt;\nvar checkbox = thisComp.layer('02092020').effect('02092020002')('Checkbox');\nif (checkbox == 1) {\n    $bm_rt = 20;\n} else {\n    $bm_rt = 0;\n}\n;"},"r":{"a":0,"k":0,"ix":10},"p":{"a":0,"k":[249.934,481.369,0],"ix":2},"a":{"a":0,"k":[79.934,0.369,0],"ix":1},"s":{"a":0,"k":[265.159,265.159,100],"ix":6}},"ao":0,"shapes":[{"ty":"gr","it":[{"ind":0,"ty":"sh","ix":1,"ks":{"a":0,"k":{"i":[[0,0],[0,0],[0,0],[0,0],[0,0],[0,0]],"o":[[0,0],[0,0],[0,0],[0,0],[0,0],[0,0]],"v":[[1.415,0],[11.014,0],[11.014,-2.523],[4.656,-2.523],[4.656,-14.809],[1.415,-14.809]],"c":true},"ix":2},"nm":"l","mn":"ADBE Vector Shape - Group","hd":false},{"ty":"fl","c":{"a":0,"k":[0,0,0,1],"ix":4},"o":{"a":0,"k":100,"ix":5},"r":1,"bm":0,"nm":"Fill 1","mn":"ADBE Vector Graphic - Fill","hd":false},{"ty":"tr","p":{"a":0,"k":[0,0],"ix":2},"a":{"a":0,"k":[0,0],"ix":1},"s":{"a":0,"k":[100,100],"ix":3},"r":{"a":0,"k":0,"ix":6},"o":{"a":0,"k":100,"ix":7},"sk":{"a":0,"k":0,"ix":4},"sa":{"a":0,"k":0,"ix":5},"nm":"Transform"}],"nm":"l","np":3,"cix":2,"bm":0,"ix":1,"mn":"ADBE Vector Group","hd":false},{"ty":"gr","it":[{"ind":0,"ty":"sh","ix":1,"ks":{"a":0,"k":{"i":[[0,-3.938],[-1.62,-1.723],[-1.949,0],[-1.641,1.846],[0,2.154],[1.579,1.805],[1.579,0]],"o":[[0,1.354],[1.354,1.415],[1.231,0],[1.21,-1.354],[0,-1.456],[-1.456,-1.641],[-5.333,0]],"v":[[11.167,-7.199],[12.992,-1.661],[18.243,0.369],[23.514,-1.743],[25.381,-7.548],[23.494,-13.127],[18.284,-15.137]],"c":true},"ix":2},"nm":"o","mn":"ADBE Vector Shape - Group","hd":false},{"ind":1,"ty":"sh","ix":2,"ks":{"a":0,"k":{"i":[[0,1.415],[-0.841,1.026],[-1.19,0],[-0.615,-1.825],[0,-0.718],[0.492,-0.738],[1.292,0],[0.451,0.615]],"o":[[0,-1.682],[0.595,-0.759],[1.518,0],[0.308,0.902],[0,2.359],[-0.595,0.923],[-1.477,0],[-0.882,-1.149]],"v":[[14.49,-7.302],[15.577,-11.609],[18.305,-12.86],[21.689,-10.235],[22.058,-7.589],[21.053,-3.343],[18.284,-1.969],[15.597,-3.159]],"c":true},"ix":2},"nm":"o","mn":"ADBE Vector Shape - Group","hd":false},{"ty":"mm","mm":1,"nm":"Merge Paths 1","mn":"ADBE Vector Filter - Merge","hd":false},{"ty":"fl","c":{"a":0,"k":[0,0,0,1],"ix":4},"o":{"a":0,"k":100,"ix":5},"r":1,"bm":0,"nm":"Fill 1","mn":"ADBE Vector Graphic - Fill","hd":false},{"ty":"tr","p":{"a":0,"k":[0,0],"ix":2},"a":{"a":0,"k":[0,0],"ix":1},"s":{"a":0,"k":[100,100],"ix":3},"r":{"a":0,"k":0,"ix":6},"o":{"a":0,"k":100,"ix":7},"sk":{"a":0,"k":0,"ix":4},"sa":{"a":0,"k":0,"ix":5},"nm":"Transform"}],"nm":"o","np":5,"cix":2,"bm":0,"ix":2,"mn":"ADBE Vector Group","hd":false},{"ty":"gr","it":[{"ind":0,"ty":"sh","ix":1,"ks":{"a":0,"k":{"i":[[0,0],[0,0],[0,0],[0,0],[-0.287,-0.841],[-0.144,-0.82],[0,0],[0.164,0.656],[0.226,1.743],[2.236,0.205],[0,2.769],[0.923,0.8],[1.641,-0.021],[0,0]],"o":[[0,0],[0,0],[0,0],[0.533,0],[0.205,0.574],[0,0],[-0.164,-0.246],[-0.103,-0.41],[-0.267,-1.928],[0.718,-0.205],[0,-0.964],[-1.19,-1.026],[0,0],[0,0]],"v":[[27.381,0],[30.622,0],[30.622,-5.989],[33.411,-5.989],[35.011,-5.148],[35.811,0],[39.318,0],[38.867,-1.067],[38.416,-3.938],[35.749,-7.343],[38.847,-10.973],[37.554,-13.824],[33.063,-14.829],[27.381,-14.829]],"c":true},"ix":2},"nm":"r","mn":"ADBE Vector Shape - Group","hd":false},{"ind":1,"ty":"sh","ix":2,"ks":{"a":0,"k":{"i":[[0,0],[0,0],[-0.492,-0.349],[0,-1.005],[0.226,-0.164],[0.369,0],[0,0]],"o":[[0,0],[1.005,0],[0.287,0.185],[0,1.046],[-0.513,0.41],[0,0],[0,0]],"v":[[30.519,-12.491],[32.652,-12.491],[34.744,-12.142],[35.524,-10.481],[34.703,-8.758],[33.083,-8.348],[30.519,-8.348]],"c":true},"ix":2},"nm":"r","mn":"ADBE Vector Shape - Group","hd":false},{"ty":"mm","mm":1,"nm":"Merge Paths 1","mn":"ADBE Vector Filter - Merge","hd":false},{"ty":"fl","c":{"a":0,"k":[0,0,0,1],"ix":4},"o":{"a":0,"k":100,"ix":5},"r":1,"bm":0,"nm":"Fill 1","mn":"ADBE Vector Graphic - Fill","hd":false},{"ty":"tr","p":{"a":0,"k":[0,0],"ix":2},"a":{"a":0,"k":[0,0],"ix":1},"s":{"a":0,"k":[100,100],"ix":3},"r":{"a":0,"k":0,"ix":6},"o":{"a":0,"k":100,"ix":7},"sk":{"a":0,"k":0,"ix":4},"sa":{"a":0,"k":0,"ix":5},"nm":"Transform"}],"nm":"r","np":5,"cix":2,"bm":0,"ix":3,"mn":"ADBE Vector Group","hd":false},{"ty":"gr","it":[{"ind":0,"ty":"sh","ix":1,"ks":{"a":0,"k":{"i":[[0,0],[0,0],[-0.554,0.103],[0,4.553],[1.866,1.374],[0.82,0],[0,0]],"o":[[0,0],[1.497,0],[2.81,-0.513],[0,-2.113],[-1.784,-1.313],[0,0],[0,0]],"v":[[41.068,0],[45.683,0],[48.349,-0.164],[53.6,-7.609],[51.077,-13.434],[45.97,-14.768],[41.068,-14.788]],"c":true},"ix":2},"nm":"d","mn":"ADBE Vector Shape - Group","hd":false},{"ind":1,"ty":"sh","ix":2,"ks":{"a":0,"k":{"i":[[0,0],[-0.656,-0.185],[0,-2.092],[1.251,-1.251],[1.354,0],[0.349,0.021]],"o":[[1.825,-0.082],[1.99,0.554],[0,0.718],[-0.923,0.923],[-0.369,0],[0,0]],"v":[[44.288,-12.388],[47.611,-12.183],[50.318,-7.609],[48.985,-3.425],[45.539,-2.4],[44.288,-2.441]],"c":true},"ix":2},"nm":"d","mn":"ADBE Vector Shape - Group","hd":false},{"ty":"mm","mm":1,"nm":"Merge Paths 1","mn":"ADBE Vector Filter - Merge","hd":false},{"ty":"fl","c":{"a":0,"k":[0,0,0,1],"ix":4},"o":{"a":0,"k":100,"ix":5},"r":1,"bm":0,"nm":"Fill 1","mn":"ADBE Vector Graphic - Fill","hd":false},{"ty":"tr","p":{"a":0,"k":[0,0],"ix":2},"a":{"a":0,"k":[0,0],"ix":1},"s":{"a":0,"k":[100,100],"ix":3},"r":{"a":0,"k":0,"ix":6},"o":{"a":0,"k":100,"ix":7},"sk":{"a":0,"k":0,"ix":4},"sa":{"a":0,"k":0,"ix":5},"nm":"Transform"}],"nm":"d","np":5,"cix":2,"bm":0,"ix":4,"mn":"ADBE Vector Group","hd":false},{"ty":"gr","it":[{"ind":0,"ty":"sh","ix":1,"ks":{"a":0,"k":{"i":[[0,0],[0,0],[0,0],[0,0]],"o":[[0,0],[0,0],[0,0],[0,0]],"v":[[55.669,0],[58.849,0],[58.849,-14.87],[55.669,-14.87]],"c":true},"ix":2},"nm":"i","mn":"ADBE Vector Shape - Group","hd":false},{"ty":"fl","c":{"a":0,"k":[0,0,0,1],"ix":4},"o":{"a":0,"k":100,"ix":5},"r":1,"bm":0,"nm":"Fill 1","mn":"ADBE Vector Graphic - Fill","hd":false},{"ty":"tr","p":{"a":0,"k":[0,0],"ix":2},"a":{"a":0,"k":[0,0],"ix":1},"s":{"a":0,"k":[100,100],"ix":3},"r":{"a":0,"k":0,"ix":6},"o":{"a":0,"k":100,"ix":7},"sk":{"a":0,"k":0,"ix":4},"sa":{"a":0,"k":0,"ix":5},"nm":"Transform"}],"nm":"i","np":3,"cix":2,"bm":0,"ix":5,"mn":"ADBE Vector Group","hd":false},{"ty":"gr","it":[{"ind":0,"ty":"sh","ix":1,"ks":{"a":0,"k":{"i":[[0,0],[3.241,0],[0,-4.697],[-5.107,0],[-1.313,1.354],[-0.062,0.882],[0,0],[1.333,0],[0,0.882],[-2.359,0],[-0.062,-0.513]],"o":[[0,-2.954],[-4.164,0],[0,3.671],[1.354,0],[1.19,-1.231],[0,0],[-0.062,1.969],[-3.097,0],[0,-3.056],[2.154,0],[0,0]],"v":[[73.104,-9.989],[67.587,-14.911],[60.798,-7.097],[67.566,0.349],[71.894,-1.313],[73.227,-4.799],[69.884,-4.799],[67.218,-1.99],[64.121,-7.076],[67.464,-12.593],[69.864,-9.989]],"c":true},"ix":2},"nm":"c","mn":"ADBE Vector Shape - Group","hd":false},{"ty":"fl","c":{"a":0,"k":[0,0,0,1],"ix":4},"o":{"a":0,"k":100,"ix":5},"r":1,"bm":0,"nm":"Fill 1","mn":"ADBE Vector Graphic - Fill","hd":false},{"ty":"tr","p":{"a":0,"k":[0,0],"ix":2},"a":{"a":0,"k":[0,0],"ix":1},"s":{"a":0,"k":[100,100],"ix":3},"r":{"a":0,"k":0,"ix":6},"o":{"a":0,"k":100,"ix":7},"sk":{"a":0,"k":0,"ix":4},"sa":{"a":0,"k":0,"ix":5},"nm":"Transform"}],"nm":"c","np":3,"cix":2,"bm":0,"ix":6,"mn":"ADBE Vector Group","hd":false},{"ty":"gr","it":[{"ind":0,"ty":"sh","ix":1,"ks":{"a":0,"k":{"i":[[0,-3.938],[-1.62,-1.723],[-1.949,0],[-1.641,1.846],[0,2.154],[1.579,1.805],[1.579,0]],"o":[[0,1.354],[1.354,1.415],[1.231,0],[1.21,-1.354],[0,-1.456],[-1.456,-1.641],[-5.333,0]],"v":[[74.546,-7.199],[76.372,-1.661],[81.622,0.369],[86.894,-1.743],[88.76,-7.548],[86.873,-13.127],[81.663,-15.137]],"c":true},"ix":2},"nm":"o","mn":"ADBE Vector Shape - Group","hd":false},{"ind":1,"ty":"sh","ix":2,"ks":{"a":0,"k":{"i":[[0,1.415],[-0.841,1.026],[-1.19,0],[-0.615,-1.825],[0,-0.718],[0.492,-0.738],[1.292,0],[0.451,0.615]],"o":[[0,-1.682],[0.595,-0.759],[1.518,0],[0.308,0.902],[0,2.359],[-0.595,0.923],[-1.477,0],[-0.882,-1.149]],"v":[[77.869,-7.302],[78.956,-11.609],[81.684,-12.86],[85.068,-10.235],[85.437,-7.589],[84.432,-3.343],[81.663,-1.969],[78.977,-3.159]],"c":true},"ix":2},"nm":"o","mn":"ADBE Vector Shape - Group","hd":false},{"ty":"mm","mm":1,"nm":"Merge Paths 1","mn":"ADBE Vector Filter - Merge","hd":false},{"ty":"fl","c":{"a":0,"k":[0,0,0,1],"ix":4},"o":{"a":0,"k":100,"ix":5},"r":1,"bm":0,"nm":"Fill 1","mn":"ADBE Vector Graphic - Fill","hd":false},{"ty":"tr","p":{"a":0,"k":[0,0],"ix":2},"a":{"a":0,"k":[0,0],"ix":1},"s":{"a":0,"k":[100,100],"ix":3},"r":{"a":0,"k":0,"ix":6},"o":{"a":0,"k":100,"ix":7},"sk":{"a":0,"k":0,"ix":4},"sa":{"a":0,"k":0,"ix":5},"nm":"Transform"}],"nm":"o","np":5,"cix":2,"bm":0,"ix":7,"mn":"ADBE Vector Group","hd":false},{"ty":"gr","it":[{"ind":0,"ty":"sh","ix":1,"ks":{"a":0,"k":{"i":[[0,0],[0,0],[0,0],[0,0],[0,0],[0,0],[0,0],[0,0],[0,0],[0,0]],"o":[[0,0],[0,0],[0,0],[0,0],[0,0],[0,0],[0,0],[0,0],[0,0],[0,0]],"v":[[91.007,0],[94.001,0],[94.001,-12.306],[99.744,0],[104.113,0],[104.113,-14.829],[101.159,-14.829],[101.159,-3.159],[95.601,-14.829],[91.007,-14.829]],"c":true},"ix":2},"nm":"n","mn":"ADBE Vector Shape - Group","hd":false},{"ty":"fl","c":{"a":0,"k":[0,0,0,1],"ix":4},"o":{"a":0,"k":100,"ix":5},"r":1,"bm":0,"nm":"Fill 1","mn":"ADBE Vector Graphic - Fill","hd":false},{"ty":"tr","p":{"a":0,"k":[0,0],"ix":2},"a":{"a":0,"k":[0,0],"ix":1},"s":{"a":0,"k":[100,100],"ix":3},"r":{"a":0,"k":0,"ix":6},"o":{"a":0,"k":100,"ix":7},"sk":{"a":0,"k":0,"ix":4},"sa":{"a":0,"k":0,"ix":5},"nm":"Transform"}],"nm":"n","np":3,"cix":2,"bm":0,"ix":8,"mn":"ADBE Vector Group","hd":false},{"ty":"gr","it":[{"ind":0,"ty":"sh","ix":1,"ks":{"a":0,"k":{"i":[[0,0],[0,0],[0,0],[0,0]],"o":[[0,0],[0,0],[0,0],[0,0]],"v":[[106.893,0],[109.497,0],[109.497,-2.728],[106.893,-2.728]],"c":true},"ix":2},"nm":".","mn":"ADBE Vector Shape - Group","hd":false},{"ty":"fl","c":{"a":0,"k":[0,0,0,1],"ix":4},"o":{"a":0,"k":100,"ix":5},"r":1,"bm":0,"nm":"Fill 1","mn":"ADBE Vector Graphic - Fill","hd":false},{"ty":"tr","p":{"a":0,"k":[0,0],"ix":2},"a":{"a":0,"k":[0,0],"ix":1},"s":{"a":0,"k":[100,100],"ix":3},"r":{"a":0,"k":0,"ix":6},"o":{"a":0,"k":100,"ix":7},"sk":{"a":0,"k":0,"ix":4},"sa":{"a":0,"k":0,"ix":5},"nm":"Transform"}],"nm":".","np":3,"cix":2,"bm":0,"ix":9,"mn":"ADBE Vector Group","hd":false},{"ty":"gr","it":[{"ind":0,"ty":"sh","ix":1,"ks":{"a":0,"k":{"i":[[0,0],[3.241,0],[0,-4.697],[-5.107,0],[-1.313,1.354],[-0.062,0.882],[0,0],[1.333,0],[0,0.882],[-2.359,0],[-0.062,-0.513]],"o":[[0,-2.954],[-4.164,0],[0,3.671],[1.354,0],[1.19,-1.231],[0,0],[-0.062,1.969],[-3.097,0],[0,-3.056],[2.154,0],[0,0]],"v":[[124.04,-9.989],[118.523,-14.911],[111.734,-7.097],[118.502,0.349],[122.83,-1.313],[124.163,-4.799],[120.82,-4.799],[118.154,-1.99],[115.057,-7.076],[118.4,-12.593],[120.8,-9.989]],"c":true},"ix":2},"nm":"c","mn":"ADBE Vector Shape - Group","hd":false},{"ty":"fl","c":{"a":0,"k":[0,0,0,1],"ix":4},"o":{"a":0,"k":100,"ix":5},"r":1,"bm":0,"nm":"Fill 1","mn":"ADBE Vector Graphic - Fill","hd":false},{"ty":"tr","p":{"a":0,"k":[0,0],"ix":2},"a":{"a":0,"k":[0,0],"ix":1},"s":{"a":0,"k":[100,100],"ix":3},"r":{"a":0,"k":0,"ix":6},"o":{"a":0,"k":100,"ix":7},"sk":{"a":0,"k":0,"ix":4},"sa":{"a":0,"k":0,"ix":5},"nm":"Transform"}],"nm":"c","np":3,"cix":2,"bm":0,"ix":10,"mn":"ADBE Vector Group","hd":false},{"ty":"gr","it":[{"ind":0,"ty":"sh","ix":1,"ks":{"a":0,"k":{"i":[[0,-3.938],[-1.62,-1.723],[-1.949,0],[-1.641,1.846],[0,2.154],[1.579,1.805],[1.579,0]],"o":[[0,1.354],[1.354,1.415],[1.231,0],[1.21,-1.354],[0,-1.456],[-1.456,-1.641],[-5.333,0]],"v":[[125.482,-7.199],[127.308,-1.661],[132.558,0.369],[137.829,-1.743],[139.696,-7.548],[137.809,-13.127],[132.599,-15.137]],"c":true},"ix":2},"nm":"o","mn":"ADBE Vector Shape - Group","hd":false},{"ind":1,"ty":"sh","ix":2,"ks":{"a":0,"k":{"i":[[0,1.415],[-0.841,1.026],[-1.19,0],[-0.615,-1.825],[0,-0.718],[0.492,-0.738],[1.292,0],[0.451,0.615]],"o":[[0,-1.682],[0.595,-0.759],[1.518,0],[0.308,0.902],[0,2.359],[-0.595,0.923],[-1.477,0],[-0.882,-1.149]],"v":[[128.805,-7.302],[129.892,-11.609],[132.62,-12.86],[136.004,-10.235],[136.373,-7.589],[135.368,-3.343],[132.599,-1.969],[129.912,-3.159]],"c":true},"ix":2},"nm":"o","mn":"ADBE Vector Shape - Group","hd":false},{"ty":"mm","mm":1,"nm":"Merge Paths 1","mn":"ADBE Vector Filter - Merge","hd":false},{"ty":"fl","c":{"a":0,"k":[0,0,0,1],"ix":4},"o":{"a":0,"k":100,"ix":5},"r":1,"bm":0,"nm":"Fill 1","mn":"ADBE Vector Graphic - Fill","hd":false},{"ty":"tr","p":{"a":0,"k":[0,0],"ix":2},"a":{"a":0,"k":[0,0],"ix":1},"s":{"a":0,"k":[100,100],"ix":3},"r":{"a":0,"k":0,"ix":6},"o":{"a":0,"k":100,"ix":7},"sk":{"a":0,"k":0,"ix":4},"sa":{"a":0,"k":0,"ix":5},"nm":"Transform"}],"nm":"o","np":5,"cix":2,"bm":0,"ix":11,"mn":"ADBE Vector Group","hd":false},{"ty":"gr","it":[{"ind":0,"ty":"sh","ix":1,"ks":{"a":0,"k":{"i":[[0,0],[0,0],[0,0],[0,0],[0,0],[0,0],[0,0],[0,0],[0,0],[0,0],[0,0],[0,0],[0,0]],"o":[[0,0],[0,0],[0,0],[0,0],[0,0],[0,0],[0,0],[0,0],[0,0],[0,0],[0,0],[0,0],[0,0]],"v":[[141.696,0],[144.67,0],[144.67,-12.716],[148.629,0],[151.254,0],[155.295,-12.716],[155.295,0],[158.453,0],[158.453,-14.829],[153.408,-14.829],[150.024,-4.041],[146.885,-14.829],[141.696,-14.829]],"c":true},"ix":2},"nm":"m","mn":"ADBE Vector Shape - Group","hd":false},{"ty":"fl","c":{"a":0,"k":[0,0,0,1],"ix":4},"o":{"a":0,"k":100,"ix":5},"r":1,"bm":0,"nm":"Fill 1","mn":"ADBE Vector Graphic - Fill","hd":false},{"ty":"tr","p":{"a":0,"k":[0,0],"ix":2},"a":{"a":0,"k":[0,0],"ix":1},"s":{"a":0,"k":[100,100],"ix":3},"r":{"a":0,"k":0,"ix":6},"o":{"a":0,"k":100,"ix":7},"sk":{"a":0,"k":0,"ix":4},"sa":{"a":0,"k":0,"ix":5},"nm":"Transform"}],"nm":"m","np":3,"cix":2,"bm":0,"ix":12,"mn":"ADBE Vector Group","hd":false}],"ip":4.16666666666667,"op":41.6666666666667,"st":0,"bm":0},{"ddd":0,"ind":3,"ty":3,"nm":"Color  & Stroke Change","sr":1,"ks":{"o":{"a":0,"k":0,"ix":11},"r":{"a":0,"k":0,"ix":10},"p":{"a":0,"k":[0,0],"ix":2},"a":{"a":0,"k":[0,0,0],"ix":1},"s":{"a":0,"k":[100,100,100],"ix":6}},"ao":0,"ef":[{"ty":5,"nm":"Primary","np":3,"mn":"ADBE Color Control","ix":1,"en":1,"ef":[{"ty":2,"nm":"Color","mn":"ADBE Color Control-0001","ix":1,"v":{"a":0,"k":[0.070588238537,0.074509806931,0.192156866193,1],"ix":1}}]},{"ty":5,"nm":"Secondary","np":3,"mn":"ADBE Color Control","ix":2,"en":1,"ef":[{"ty":2,"nm":"Color","mn":"ADBE Color Control-0001","ix":1,"v":{"a":0,"k":[0.031372550875,0.658823549747,0.541176497936,1],"ix":1}}]},{"ty":5,"nm":"Stroke","np":3,"mn":"ADBE Slider Control","ix":3,"en":1,"ef":[{"ty":0,"nm":"Slider","mn":"ADBE Slider Control-0001","ix":1,"v":{"a":0,"k":70,"ix":1}}]},{"ty":5,"nm":"Scale","np":3,"mn":"ADBE Slider Control","ix":4,"en":1,"ef":[{"ty":0,"nm":"Slider","mn":"ADBE Slider Control-0001","ix":1,"v":{"a":0,"k":100,"ix":1}}]},{"ty":5,"nm":"Axis","np":3,"mn":"ADBE Point Control","ix":5,"en":1,"ef":[{"ty":3,"nm":"Point","mn":"ADBE Point Control-0001","ix":1,"v":{"a":0,"k":[250,250],"ix":1}}]}],"ip":0,"op":500,"st":0,"bm":0},{"ddd":0,"ind":4,"ty":3,"nm":"NULL 2","sr":1,"ks":{"o":{"a":0,"k":0,"ix":11},"r":{"a":0,"k":0,"ix":10},"p":{"a":0,"k":[250,250,0],"ix":2,"x":"var $bm_rt;\n$bm_rt = thisComp.layer('Color  & Stroke Change').effect('Axis')('Point');"},"a":{"a":0,"k":[60,60,0],"ix":1},"s":{"a":0,"k":[100,100,100],"ix":6,"x":"var $bm_rt;\nvar temp;\ntemp = thisComp.layer('Color  & Stroke Change').effect('Scale')('Slider');\n$bm_rt = [\n    temp,\n    temp\n];"}},"ao":0,"ip":0,"op":500,"st":0,"bm":0},{"ddd":0,"ind":5,"ty":3,"nm":"NULL","parent":4,"sr":1,"ks":{"o":{"a":0,"k":0,"ix":11},"r":{"a":0,"k":0,"ix":10},"p":{"a":0,"k":[60,60,0],"ix":2},"a":{"a":0,"k":[60,60,0],"ix":1},"s":{"a":0,"k":[370,370,100],"ix":6}},"ao":0,"ip":0,"op":500,"st":0,"bm":0},{"ddd":0,"ind":6,"ty":4,"nm":"Shape Layer 4","parent":5,"sr":1,"ks":{"o":{"a":0,"k":100,"ix":11},"r":{"a":0,"k":0,"ix":10},"p":{"a":0,"k":[60,60,0],"ix":2},"a":{"a":0,"k":[0,0,0],"ix":1},"s":{"a":0,"k":[100,100,100],"ix":6}},"ao":0,"shapes":[{"ty":"gr","it":[{"ind":0,"ty":"sh","ix":1,"ks":{"a":0,"k":{"i":[[0,0],[0,0]],"o":[[0,0],[0,0]],"v":[[-25.514,23.365],[-53.889,23.365]],"c":false},"ix":2},"nm":"Path 4","mn":"ADBE Vector Shape - Group","hd":false},{"ind":1,"ty":"sh","ix":2,"ks":{"a":0,"k":{"i":[[0,0],[0,0]],"o":[[0,0],[0,0]],"v":[[-25.459,12.216],[-53.834,12.216]],"c":false},"ix":2},"nm":"Path 5","mn":"ADBE Vector Shape - Group","hd":false},{"ind":2,"ty":"sh","ix":3,"ks":{"a":0,"k":{"i":[[0,0],[0,0]],"o":[[0,0],[0,0]],"v":[[-25.459,0.932],[-53.834,0.932]],"c":false},"ix":2},"nm":"Path 3","mn":"ADBE Vector Shape - Group","hd":false},{"ind":3,"ty":"sh","ix":4,"ks":{"a":0,"k":{"i":[[0,0],[0,0]],"o":[[0,0],[0,0]],"v":[[-25.5,-10.216],[-53.875,-10.216]],"c":false},"ix":2},"nm":"Path 1","mn":"ADBE Vector Shape - Group","hd":false},{"ind":4,"ty":"sh","ix":5,"ks":{"a":0,"k":{"i":[[0,0],[0,0]],"o":[[0,0],[0,0]],"v":[[-25.5,-21.5],[-53.875,-21.5]],"c":false},"ix":2},"nm":"Path 2","mn":"ADBE Vector Shape - Group","hd":false},{"ty":"st","c":{"a":0,"k":[0.070588235294,0.074509803922,0.192156877705,1],"ix":3,"x":"var $bm_rt;\n$bm_rt = thisComp.layer('Color  & Stroke Change').effect('Primary')('Color');"},"o":{"a":0,"k":100,"ix":4},"w":{"a":0,"k":5,"ix":5,"x":"var $bm_rt;\n$bm_rt = $bm_mul(5 / 100, thisComp.layer('Color  & Stroke Change').effect('Stroke')('Slider'));"},"lc":2,"lj":2,"bm":0,"nm":"Stroke 1","mn":"ADBE Vector Graphic - Stroke","hd":false},{"ty":"tr","p":{"a":0,"k":[0,0],"ix":2},"a":{"a":0,"k":[0,0],"ix":1},"s":{"a":0,"k":[100,100],"ix":3},"r":{"a":0,"k":0,"ix":6},"o":{"a":0,"k":100,"ix":7},"sk":{"a":0,"k":0,"ix":4},"sa":{"a":0,"k":0,"ix":5},"nm":"Transform"}],"nm":"Shape 1","np":6,"cix":2,"bm":0,"ix":1,"mn":"ADBE Vector Group","hd":false},{"ty":"tm","s":{"a":1,"k":[{"i":{"x":[0.15],"y":[1]},"o":{"x":[0.167],"y":[0.167]},"t":0,"s":[13]},{"t":13,"s":[90],"h":1},{"i":{"x":[0.833],"y":[0.833]},"o":{"x":[0.85],"y":[0]},"t":52,"s":[90]},{"i":{"x":[0.833],"y":[0.833]},"o":{"x":[0.167],"y":[0.167]},"t":66,"s":[24]},{"i":{"x":[0.833],"y":[0.833]},"o":{"x":[0.167],"y":[0.167]},"t":165,"s":[24]},{"t":180,"s":[13]}],"ix":1},"e":{"a":1,"k":[{"i":{"x":[0.833],"y":[0.833]},"o":{"x":[0.167],"y":[0.167]},"t":52,"s":[90]},{"i":{"x":[0.833],"y":[0.833]},"o":{"x":[0.167],"y":[0.167]},"t":66,"s":[73]},{"i":{"x":[0.833],"y":[0.833]},"o":{"x":[0.167],"y":[0.167]},"t":165,"s":[73]},{"t":180,"s":[90]}],"ix":2},"o":{"a":1,"k":[{"i":{"x":[0.833],"y":[0.833]},"o":{"x":[0.167],"y":[0.167]},"t":52,"s":[0]},{"t":180,"s":[4680]}],"ix":3},"m":1,"ix":2,"nm":"Trim Paths 1","mn":"ADBE Vector Filter - Trim","hd":false}],"ip":0,"op":500,"st":0,"bm":0},{"ddd":0,"ind":7,"ty":3,"nm":"NULL","parent":5,"sr":1,"ks":{"o":{"a":0,"k":0,"ix":11},"r":{"a":1,"k":[{"i":{"x":[0],"y":[1]},"o":{"x":[0.167],"y":[0.167]},"t":0,"s":[0]},{"i":{"x":[0],"y":[1]},"o":{"x":[1],"y":[0]},"t":18.863,"s":[-10]},{"t":83,"s":[0]}],"ix":10},"p":{"a":1,"k":[{"i":{"x":0,"y":1},"o":{"x":0.167,"y":0.167},"t":0,"s":[76.25,61.875,0],"to":[-5.417,0,0],"ti":[0,0,0]},{"i":{"x":0,"y":1},"o":{"x":1,"y":0},"t":18.863,"s":[43.75,61.875,0],"to":[0,0,0],"ti":[-5.417,0,0]},{"t":83,"s":[76.25,61.875,0]}],"ix":2},"a":{"a":1,"k":[{"i":{"x":0.833,"y":0.833},"o":{"x":0.167,"y":0.167},"t":61,"s":[60,60,0],"to":[0,-0.083,0],"ti":[0.083,-0.083,0]},{"i":{"x":0.833,"y":0.833},"o":{"x":0.167,"y":0.167},"t":62,"s":[60,59.5,0],"to":[-0.083,0.083,0],"ti":[-0.083,-0.083,0]},{"i":{"x":0.833,"y":0.833},"o":{"x":0.167,"y":0.167},"t":63,"s":[59.5,60.5,0],"to":[0.083,0.083,0],"ti":[-0.083,0.167,0]},{"i":{"x":0.833,"y":0.833},"o":{"x":0.167,"y":0.167},"t":64,"s":[60.5,60,0],"to":[0.083,-0.167,0],"ti":[0.083,0,0]},{"i":{"x":0.833,"y":0.833},"o":{"x":0.167,"y":0.167},"t":65,"s":[60,59.5,0],"to":[-0.083,0,0],"ti":[0,0,0]},{"i":{"x":0.833,"y":0.833},"o":{"x":0.167,"y":0.167},"t":66,"s":[60,60,0],"to":[0,0,0],"ti":[0.083,-0.083,0]},{"i":{"x":0.833,"y":0.833},"o":{"x":0.167,"y":0.167},"t":67,"s":[60,59.5,0],"to":[-0.083,0.083,0],"ti":[-0.083,-0.083,0]},{"i":{"x":0.833,"y":0.833},"o":{"x":0.167,"y":0.167},"t":68,"s":[59.5,60.5,0],"to":[0.083,0.083,0],"ti":[-0.083,0.167,0]},{"i":{"x":0.833,"y":0.833},"o":{"x":0.167,"y":0.167},"t":69,"s":[60.5,60,0],"to":[0.083,-0.167,0],"ti":[0.083,0,0]},{"i":{"x":0.833,"y":0.833},"o":{"x":0.167,"y":0.167},"t":70,"s":[60,59.5,0],"to":[-0.083,0,0],"ti":[0,0,0]},{"i":{"x":0.833,"y":0.833},"o":{"x":0.167,"y":0.167},"t":71,"s":[60,60,0],"to":[0,0,0],"ti":[0.083,-0.083,0]},{"i":{"x":0.833,"y":0.833},"o":{"x":0.167,"y":0.167},"t":72,"s":[60,59.5,0],"to":[-0.083,0.083,0],"ti":[-0.083,-0.083,0]},{"i":{"x":0.833,"y":0.833},"o":{"x":0.167,"y":0.167},"t":73,"s":[59.5,60.5,0],"to":[0.083,0.083,0],"ti":[-0.083,0.167,0]},{"i":{"x":0.833,"y":0.833},"o":{"x":0.167,"y":0.167},"t":74,"s":[60.5,60,0],"to":[0.083,-0.167,0],"ti":[0.083,0,0]},{"i":{"x":0.833,"y":0.833},"o":{"x":0.167,"y":0.167},"t":75,"s":[60,59.5,0],"to":[-0.083,0,0],"ti":[0,0,0]},{"i":{"x":0.833,"y":0.833},"o":{"x":0.167,"y":0.167},"t":76,"s":[60,60,0],"to":[0,0,0],"ti":[0.083,-0.083,0]},{"i":{"x":0.833,"y":0.833},"o":{"x":0.167,"y":0.167},"t":77,"s":[60,59.5,0],"to":[-0.083,0.083,0],"ti":[-0.083,-0.083,0]},{"i":{"x":0.833,"y":0.833},"o":{"x":0.167,"y":0.167},"t":78,"s":[59.5,60.5,0],"to":[0.083,0.083,0],"ti":[-0.083,0.167,0]},{"i":{"x":0.833,"y":0.833},"o":{"x":0.167,"y":0.167},"t":79,"s":[60.5,60,0],"to":[0.083,-0.167,0],"ti":[0.083,0,0]},{"i":{"x":0.833,"y":0.833},"o":{"x":0.167,"y":0.167},"t":80,"s":[60,59.5,0],"to":[-0.083,0,0],"ti":[0,0,0]},{"i":{"x":0.833,"y":0.833},"o":{"x":0.167,"y":0.167},"t":81,"s":[60,60,0],"to":[0,0,0],"ti":[0.083,-0.083,0]},{"i":{"x":0.833,"y":0.833},"o":{"x":0.167,"y":0.167},"t":82,"s":[60,59.5,0],"to":[-0.083,0.083,0],"ti":[-0.083,-0.083,0]},{"i":{"x":0.833,"y":0.833},"o":{"x":0.167,"y":0.167},"t":83,"s":[59.5,60.5,0],"to":[0.083,0.083,0],"ti":[-0.083,0.167,0]},{"i":{"x":0.833,"y":0.833},"o":{"x":0.167,"y":0.167},"t":84,"s":[60.5,60,0],"to":[0.083,-0.167,0],"ti":[0.083,0,0]},{"i":{"x":0.833,"y":0.833},"o":{"x":0.167,"y":0.167},"t":85,"s":[60,59.5,0],"to":[-0.083,0,0],"ti":[0,0,0]},{"i":{"x":0.833,"y":0.833},"o":{"x":0.167,"y":0.167},"t":86,"s":[60,60,0],"to":[0,0,0],"ti":[0.083,-0.083,0]},{"i":{"x":0.833,"y":0.833},"o":{"x":0.167,"y":0.167},"t":87,"s":[60,59.5,0],"to":[-0.083,0.083,0],"ti":[-0.083,-0.083,0]},{"i":{"x":0.833,"y":0.833},"o":{"x":0.167,"y":0.167},"t":88,"s":[59.5,60.5,0],"to":[0.083,0.083,0],"ti":[-0.083,0.167,0]},{"i":{"x":0.833,"y":0.833},"o":{"x":0.167,"y":0.167},"t":89,"s":[60.5,60,0],"to":[0.083,-0.167,0],"ti":[0.083,0,0]},{"i":{"x":0.833,"y":0.833},"o":{"x":0.167,"y":0.167},"t":90,"s":[60,59.5,0],"to":[-0.083,0,0],"ti":[0,0,0]},{"i":{"x":0.833,"y":0.833},"o":{"x":0.167,"y":0.167},"t":91,"s":[60,60,0],"to":[0,0,0],"ti":[0.083,-0.083,0]},{"i":{"x":0.833,"y":0.833},"o":{"x":0.167,"y":0.167},"t":92,"s":[60,59.5,0],"to":[-0.083,0.083,0],"ti":[-0.083,-0.083,0]},{"i":{"x":0.833,"y":0.833},"o":{"x":0.167,"y":0.167},"t":93,"s":[59.5,60.5,0],"to":[0.083,0.083,0],"ti":[-0.083,0.167,0]},{"i":{"x":0.833,"y":0.833},"o":{"x":0.167,"y":0.167},"t":94,"s":[60.5,60,0],"to":[0.083,-0.167,0],"ti":[0.083,0,0]},{"i":{"x":0.833,"y":0.833},"o":{"x":0.167,"y":0.167},"t":95,"s":[60,59.5,0],"to":[-0.083,0,0],"ti":[0,0,0]},{"i":{"x":0.833,"y":0.833},"o":{"x":0.167,"y":0.167},"t":96,"s":[60,60,0],"to":[0,0,0],"ti":[0.083,-0.083,0]},{"i":{"x":0.833,"y":0.833},"o":{"x":0.167,"y":0.167},"t":97,"s":[60,59.5,0],"to":[-0.083,0.083,0],"ti":[-0.083,-0.083,0]},{"i":{"x":0.833,"y":0.833},"o":{"x":0.167,"y":0.167},"t":98,"s":[59.5,60.5,0],"to":[0.083,0.083,0],"ti":[-0.083,0.167,0]},{"i":{"x":0.833,"y":0.833},"o":{"x":0.167,"y":0.167},"t":99,"s":[60.5,60,0],"to":[0.083,-0.167,0],"ti":[0.083,0,0]},{"i":{"x":0.833,"y":0.833},"o":{"x":0.167,"y":0.167},"t":100,"s":[60,59.5,0],"to":[-0.083,0,0],"ti":[0,0,0]},{"i":{"x":0.833,"y":0.833},"o":{"x":0.167,"y":0.167},"t":101,"s":[60,60,0],"to":[0,0,0],"ti":[0.083,-0.083,0]},{"i":{"x":0.833,"y":0.833},"o":{"x":0.167,"y":0.167},"t":102,"s":[60,59.5,0],"to":[-0.083,0.083,0],"ti":[-0.083,-0.083,0]},{"i":{"x":0.833,"y":0.833},"o":{"x":0.167,"y":0.167},"t":103,"s":[59.5,60.5,0],"to":[0.083,0.083,0],"ti":[-0.083,0.167,0]},{"i":{"x":0.833,"y":0.833},"o":{"x":0.167,"y":0.167},"t":104,"s":[60.5,60,0],"to":[0.083,-0.167,0],"ti":[0.083,0,0]},{"i":{"x":0.833,"y":0.833},"o":{"x":0.167,"y":0.167},"t":105,"s":[60,59.5,0],"to":[-0.083,0,0],"ti":[0,0,0]},{"i":{"x":0.833,"y":0.833},"o":{"x":0.167,"y":0.167},"t":106,"s":[60,60,0],"to":[0,0,0],"ti":[0.083,-0.083,0]},{"i":{"x":0.833,"y":0.833},"o":{"x":0.167,"y":0.167},"t":107,"s":[60,59.5,0],"to":[-0.083,0.083,0],"ti":[-0.083,-0.083,0]},{"i":{"x":0.833,"y":0.833},"o":{"x":0.167,"y":0.167},"t":108,"s":[59.5,60.5,0],"to":[0.083,0.083,0],"ti":[-0.083,0.167,0]},{"i":{"x":0.833,"y":0.833},"o":{"x":0.167,"y":0.167},"t":109,"s":[60.5,60,0],"to":[0.083,-0.167,0],"ti":[0.083,0,0]},{"i":{"x":0.833,"y":0.833},"o":{"x":0.167,"y":0.167},"t":110,"s":[60,59.5,0],"to":[-0.083,0,0],"ti":[0,0,0]},{"i":{"x":0.833,"y":0.833},"o":{"x":0.167,"y":0.167},"t":111,"s":[60,60,0],"to":[0,0,0],"ti":[0.083,-0.083,0]},{"i":{"x":0.833,"y":0.833},"o":{"x":0.167,"y":0.167},"t":112,"s":[60,59.5,0],"to":[-0.083,0.083,0],"ti":[-0.083,-0.083,0]},{"i":{"x":0.833,"y":0.833},"o":{"x":0.167,"y":0.167},"t":113,"s":[59.5,60.5,0],"to":[0.083,0.083,0],"ti":[-0.083,0.167,0]},{"i":{"x":0.833,"y":0.833},"o":{"x":0.167,"y":0.167},"t":114,"s":[60.5,60,0],"to":[0.083,-0.167,0],"ti":[0.083,0,0]},{"i":{"x":0.833,"y":0.833},"o":{"x":0.167,"y":0.167},"t":115,"s":[60,59.5,0],"to":[-0.083,0,0],"ti":[0,0,0]},{"i":{"x":0.833,"y":0.833},"o":{"x":0.167,"y":0.167},"t":116,"s":[60,60,0],"to":[0,0,0],"ti":[0.083,-0.083,0]},{"i":{"x":0.833,"y":0.833},"o":{"x":0.167,"y":0.167},"t":117,"s":[60,59.5,0],"to":[-0.083,0.083,0],"ti":[-0.083,-0.083,0]},{"i":{"x":0.833,"y":0.833},"o":{"x":0.167,"y":0.167},"t":118,"s":[59.5,60.5,0],"to":[0.083,0.083,0],"ti":[-0.083,0.167,0]},{"i":{"x":0.833,"y":0.833},"o":{"x":0.167,"y":0.167},"t":119,"s":[60.5,60,0],"to":[0.083,-0.167,0],"ti":[0.083,0,0]},{"i":{"x":0.833,"y":0.833},"o":{"x":0.167,"y":0.167},"t":120,"s":[60,59.5,0],"to":[-0.083,0,0],"ti":[0,0,0]},{"i":{"x":0.833,"y":0.833},"o":{"x":0.167,"y":0.167},"t":121,"s":[60,60,0],"to":[0,0,0],"ti":[0.083,-0.083,0]},{"i":{"x":0.833,"y":0.833},"o":{"x":0.167,"y":0.167},"t":122,"s":[60,59.5,0],"to":[-0.083,0.083,0],"ti":[-0.083,-0.083,0]},{"i":{"x":0.833,"y":0.833},"o":{"x":0.167,"y":0.167},"t":123,"s":[59.5,60.5,0],"to":[0.083,0.083,0],"ti":[-0.083,0.167,0]},{"i":{"x":0.833,"y":0.833},"o":{"x":0.167,"y":0.167},"t":124,"s":[60.5,60,0],"to":[0.083,-0.167,0],"ti":[0.083,0,0]},{"i":{"x":0.833,"y":0.833},"o":{"x":0.167,"y":0.167},"t":125,"s":[60,59.5,0],"to":[-0.083,0,0],"ti":[0,0,0]},{"i":{"x":0.833,"y":0.833},"o":{"x":0.167,"y":0.167},"t":126,"s":[60,60,0],"to":[0,0,0],"ti":[0.083,-0.083,0]},{"i":{"x":0.833,"y":0.833},"o":{"x":0.167,"y":0.167},"t":127,"s":[60,59.5,0],"to":[-0.083,0.083,0],"ti":[-0.083,-0.083,0]},{"i":{"x":0.833,"y":0.833},"o":{"x":0.167,"y":0.167},"t":128,"s":[59.5,60.5,0],"to":[0.083,0.083,0],"ti":[-0.083,0.167,0]},{"i":{"x":0.833,"y":0.833},"o":{"x":0.167,"y":0.167},"t":129,"s":[60.5,60,0],"to":[0.083,-0.167,0],"ti":[0.083,0,0]},{"i":{"x":0.833,"y":0.833},"o":{"x":0.167,"y":0.167},"t":130,"s":[60,59.5,0],"to":[-0.083,0,0],"ti":[0,0,0]},{"i":{"x":0.833,"y":0.833},"o":{"x":0.167,"y":0.167},"t":131,"s":[60,60,0],"to":[0,0,0],"ti":[0.083,-0.083,0]},{"i":{"x":0.833,"y":0.833},"o":{"x":0.167,"y":0.167},"t":132,"s":[60,59.5,0],"to":[-0.083,0.083,0],"ti":[-0.083,-0.083,0]},{"i":{"x":0.833,"y":0.833},"o":{"x":0.167,"y":0.167},"t":133,"s":[59.5,60.5,0],"to":[0.083,0.083,0],"ti":[-0.083,0.167,0]},{"i":{"x":0.833,"y":0.833},"o":{"x":0.167,"y":0.167},"t":134,"s":[60.5,60,0],"to":[0.083,-0.167,0],"ti":[0.083,0,0]},{"i":{"x":0.833,"y":0.833},"o":{"x":0.167,"y":0.167},"t":135,"s":[60,59.5,0],"to":[-0.083,0,0],"ti":[0,0,0]},{"i":{"x":0.833,"y":0.833},"o":{"x":0.167,"y":0.167},"t":136,"s":[60,60,0],"to":[0,0,0],"ti":[0.083,-0.083,0]},{"i":{"x":0.833,"y":0.833},"o":{"x":0.167,"y":0.167},"t":137,"s":[60,59.5,0],"to":[-0.083,0.083,0],"ti":[-0.083,-0.083,0]},{"i":{"x":0.833,"y":0.833},"o":{"x":0.167,"y":0.167},"t":138,"s":[59.5,60.5,0],"to":[0.083,0.083,0],"ti":[-0.083,0.167,0]},{"i":{"x":0.833,"y":0.833},"o":{"x":0.167,"y":0.167},"t":139,"s":[60.5,60,0],"to":[0.083,-0.167,0],"ti":[0.083,0,0]},{"i":{"x":0.833,"y":0.833},"o":{"x":0.167,"y":0.167},"t":140,"s":[60,59.5,0],"to":[-0.083,0,0],"ti":[0,0,0]},{"i":{"x":0.833,"y":0.833},"o":{"x":0.167,"y":0.167},"t":141,"s":[60,60,0],"to":[0,0,0],"ti":[0.083,-0.083,0]},{"i":{"x":0.833,"y":0.833},"o":{"x":0.167,"y":0.167},"t":142,"s":[60,59.5,0],"to":[-0.083,0.083,0],"ti":[-0.083,-0.083,0]},{"i":{"x":0.833,"y":0.833},"o":{"x":0.167,"y":0.167},"t":143,"s":[59.5,60.5,0],"to":[0.083,0.083,0],"ti":[-0.083,0.167,0]},{"i":{"x":0.833,"y":0.833},"o":{"x":0.167,"y":0.167},"t":144,"s":[60.5,60,0],"to":[0.083,-0.167,0],"ti":[0.083,0,0]},{"i":{"x":0.833,"y":0.833},"o":{"x":0.167,"y":0.167},"t":145,"s":[60,59.5,0],"to":[-0.083,0,0],"ti":[0,0,0]},{"i":{"x":0.833,"y":0.833},"o":{"x":0.167,"y":0.167},"t":146,"s":[60,60,0],"to":[0,0,0],"ti":[0.083,-0.083,0]},{"i":{"x":0.833,"y":0.833},"o":{"x":0.167,"y":0.167},"t":147,"s":[60,59.5,0],"to":[-0.083,0.083,0],"ti":[-0.083,-0.083,0]},{"i":{"x":0.833,"y":0.833},"o":{"x":0.167,"y":0.167},"t":148,"s":[59.5,60.5,0],"to":[0.083,0.083,0],"ti":[-0.083,0.167,0]},{"i":{"x":0.833,"y":0.833},"o":{"x":0.167,"y":0.167},"t":149,"s":[60.5,60,0],"to":[0.083,-0.167,0],"ti":[0.083,0,0]},{"i":{"x":0.833,"y":0.833},"o":{"x":0.167,"y":0.167},"t":150,"s":[60,59.5,0],"to":[-0.083,0,0],"ti":[0,0,0]},{"i":{"x":0.833,"y":0.833},"o":{"x":0.167,"y":0.167},"t":151,"s":[60,60,0],"to":[0,0,0],"ti":[0.083,-0.083,0]},{"i":{"x":0.833,"y":0.833},"o":{"x":0.167,"y":0.167},"t":152,"s":[60,59.5,0],"to":[-0.083,0.083,0],"ti":[-0.083,-0.083,0]},{"i":{"x":0.833,"y":0.833},"o":{"x":0.167,"y":0.167},"t":153,"s":[59.5,60.5,0],"to":[0.083,0.083,0],"ti":[-0.083,0.167,0]},{"i":{"x":0.833,"y":0.833},"o":{"x":0.167,"y":0.167},"t":154,"s":[60.5,60,0],"to":[0.083,-0.167,0],"ti":[0.083,0,0]},{"i":{"x":0.833,"y":0.833},"o":{"x":0.167,"y":0.167},"t":155,"s":[60,59.5,0],"to":[-0.083,0,0],"ti":[0,0,0]},{"i":{"x":0.833,"y":0.833},"o":{"x":0.167,"y":0.167},"t":156,"s":[60,60,0],"to":[0,0,0],"ti":[0.083,-0.083,0]},{"i":{"x":0.833,"y":0.833},"o":{"x":0.167,"y":0.167},"t":157,"s":[60,59.5,0],"to":[-0.083,0.083,0],"ti":[-0.083,-0.083,0]},{"i":{"x":0.833,"y":0.833},"o":{"x":0.167,"y":0.167},"t":158,"s":[59.5,60.5,0],"to":[0.083,0.083,0],"ti":[-0.083,0.167,0]},{"i":{"x":0.833,"y":0.833},"o":{"x":0.167,"y":0.167},"t":159,"s":[60.5,60,0],"to":[0.083,-0.167,0],"ti":[0.083,0,0]},{"i":{"x":0.833,"y":0.833},"o":{"x":0.167,"y":0.167},"t":160,"s":[60,59.5,0],"to":[-0.083,0,0],"ti":[0,0,0]},{"i":{"x":0.833,"y":0.833},"o":{"x":0.167,"y":0.167},"t":161,"s":[60,60,0],"to":[0,0,0],"ti":[0.083,-0.083,0]},{"i":{"x":0.833,"y":0.833},"o":{"x":0.167,"y":0.167},"t":162,"s":[60,59.5,0],"to":[-0.083,0.083,0],"ti":[-0.083,-0.083,0]},{"i":{"x":0.833,"y":0.833},"o":{"x":0.167,"y":0.167},"t":163,"s":[59.5,60.5,0],"to":[0.083,0.083,0],"ti":[-0.083,0.167,0]},{"i":{"x":0.833,"y":0.833},"o":{"x":0.167,"y":0.167},"t":164,"s":[60.5,60,0],"to":[0.083,-0.167,0],"ti":[0.083,0,0]},{"i":{"x":0.833,"y":0.833},"o":{"x":0.167,"y":0.167},"t":165,"s":[60,59.5,0],"to":[-0.083,0,0],"ti":[0,0,0]},{"i":{"x":0.833,"y":0.833},"o":{"x":0.167,"y":0.167},"t":166,"s":[60,60,0],"to":[0,0,0],"ti":[0.083,-0.083,0]},{"i":{"x":0.833,"y":0.833},"o":{"x":0.167,"y":0.167},"t":167,"s":[60,59.5,0],"to":[-0.083,0.083,0],"ti":[-0.083,-0.083,0]},{"i":{"x":0.833,"y":0.833},"o":{"x":0.167,"y":0.167},"t":168,"s":[59.5,60.5,0],"to":[0.083,0.083,0],"ti":[-0.083,0.167,0]},{"i":{"x":0.833,"y":0.833},"o":{"x":0.167,"y":0.167},"t":169,"s":[60.5,60,0],"to":[0.083,-0.167,0],"ti":[0.083,0,0]},{"i":{"x":0.833,"y":0.833},"o":{"x":0.167,"y":0.167},"t":170,"s":[60,59.5,0],"to":[-0.083,0,0],"ti":[0,0,0]},{"i":{"x":0.833,"y":0.833},"o":{"x":0.167,"y":0.167},"t":171,"s":[60,60,0],"to":[0,0,0],"ti":[0.083,-0.083,0]},{"i":{"x":0.833,"y":0.833},"o":{"x":0.167,"y":0.167},"t":172,"s":[60,59.5,0],"to":[-0.083,0.083,0],"ti":[-0.083,-0.083,0]},{"i":{"x":0.833,"y":0.833},"o":{"x":0.167,"y":0.167},"t":173,"s":[59.5,60.5,0],"to":[0.083,0.083,0],"ti":[-0.083,0.167,0]},{"i":{"x":0.833,"y":0.833},"o":{"x":0.167,"y":0.167},"t":174,"s":[60.5,60,0],"to":[0.083,-0.167,0],"ti":[0.083,0,0]},{"i":{"x":0.833,"y":0.833},"o":{"x":0.167,"y":0.167},"t":175,"s":[60,59.5,0],"to":[-0.083,0,0],"ti":[0,0,0]},{"i":{"x":0.833,"y":0.833},"o":{"x":0.167,"y":0.167},"t":176,"s":[60,60,0],"to":[0,0,0],"ti":[0.083,-0.083,0]},{"i":{"x":0.833,"y":0.833},"o":{"x":0.167,"y":0.167},"t":177,"s":[60,59.5,0],"to":[-0.083,0.083,0],"ti":[-0.083,-0.083,0]},{"i":{"x":0.833,"y":0.833},"o":{"x":0.167,"y":0.167},"t":178,"s":[59.5,60.5,0],"to":[0.083,0.083,0],"ti":[-0.083,0.167,0]},{"i":{"x":0.833,"y":0.833},"o":{"x":0.167,"y":0.167},"t":179,"s":[60.5,60,0],"to":[0.083,-0.167,0],"ti":[0.083,0.083,0]},{"t":180,"s":[60,59.5,0]}],"ix":1},"s":{"a":1,"k":[{"i":{"x":[0,0,0],"y":[1,1,1]},"o":{"x":[0.167,0.167,0.167],"y":[0.167,0,0]},"t":0,"s":[50,50,100]},{"i":{"x":[0,0,0],"y":[1,1,1]},"o":{"x":[1,1,1],"y":[0,0,0]},"t":18.863,"s":[41,50,100]},{"t":83,"s":[50,50,100]}],"ix":6}},"ao":0,"ip":0,"op":500,"st":0,"bm":0},{"ddd":0,"ind":8,"ty":4,"nm":"Shape Layer 3","parent":9,"td":1,"sr":1,"ks":{"o":{"a":0,"k":100,"ix":11},"r":{"a":0,"k":0,"ix":10},"p":{"a":0,"k":[0.502,9.914,0],"ix":2},"a":{"a":0,"k":[0,0,0],"ix":1},"s":{"a":0,"k":[100,100,100],"ix":6}},"ao":0,"shapes":[{"ty":"gr","it":[{"ind":0,"ty":"sh","ix":1,"ks":{"a":0,"k":{"i":[[0,0],[0,0],[0,0]],"o":[[0,0],[0,0],[0,0]],"v":[[-37.75,-23],[-0.25,14.75],[33.75,-21.25]],"c":true},"ix":2},"nm":"Path 1","mn":"ADBE Vector Shape - Group","hd":false},{"ty":"st","c":{"a":0,"k":[0.03137254902,0.658823529412,0.541176470588,1],"ix":3},"o":{"a":0,"k":100,"ix":4},"w":{"a":0,"k":0,"ix":5},"lc":1,"lj":1,"ml":4,"bm":0,"nm":"Stroke 1","mn":"ADBE Vector Graphic - Stroke","hd":false},{"ty":"rd","nm":"Round Corners 1","r":{"a":0,"k":12,"ix":1},"ix":3,"mn":"ADBE Vector Filter - RC","hd":false},{"ty":"fl","c":{"a":0,"k":[0.070588235294,0.074509803922,0.192156877705,1],"ix":4},"o":{"a":0,"k":100,"ix":5},"r":1,"bm":0,"nm":"Fill 1","mn":"ADBE Vector Graphic - Fill","hd":false},{"ty":"tr","p":{"a":0,"k":[0,0],"ix":2},"a":{"a":0,"k":[0,0],"ix":1},"s":{"a":0,"k":[100,100],"ix":3},"r":{"a":0,"k":0,"ix":6},"o":{"a":0,"k":100,"ix":7},"sk":{"a":0,"k":0,"ix":4},"sa":{"a":0,"k":0,"ix":5},"nm":"Transform"}],"nm":"Shape 1","np":4,"cix":2,"bm":0,"ix":1,"mn":"ADBE Vector Group","hd":false}],"ip":0,"op":500,"st":0,"bm":0},{"ddd":0,"ind":9,"ty":4,"nm":"Shape Layer 2","parent":10,"tt":2,"sr":1,"ks":{"o":{"a":0,"k":100,"ix":11},"r":{"a":0,"k":0,"ix":10},"p":{"a":0,"k":[0.002,9.414,0],"ix":2},"a":{"a":0,"k":[0.002,9.414,0],"ix":1},"s":{"a":0,"k":[100,100,100],"ix":6}},"ao":0,"shapes":[{"ty":"gr","it":[{"ind":0,"ty":"sh","ix":1,"ks":{"a":0,"k":{"i":[[0,0],[0,0],[0,0]],"o":[[0,0],[0,0],[0,0]],"v":[[-41.25,30.25],[0.125,-5.625],[41.75,30.609]],"c":false},"ix":2},"nm":"Path 2","mn":"ADBE Vector Shape - Group","hd":false},{"ty":"st","c":{"a":0,"k":[0.070588235294,0.074509803922,0.192156877705,1],"ix":3,"x":"var $bm_rt;\n$bm_rt = thisComp.layer('Color  & Stroke Change').effect('Primary')('Color');"},"o":{"a":0,"k":100,"ix":4},"w":{"a":0,"k":5,"ix":5,"x":"var $bm_rt;\n$bm_rt = $bm_mul(6 / 100, thisComp.layer('Color  & Stroke Change').effect('Stroke')('Slider'));"},"lc":2,"lj":2,"bm":0,"nm":"Stroke 1","mn":"ADBE Vector Graphic - Stroke","hd":false},{"ty":"rd","nm":"Round Corners 1","r":{"a":0,"k":27,"ix":1},"ix":3,"mn":"ADBE Vector Filter - RC","hd":false},{"ty":"tm","s":{"a":0,"k":100,"ix":1},"e":{"a":0,"k":0,"ix":2},"o":{"a":0,"k":-179,"ix":3},"m":1,"ix":4,"nm":"Trim Paths 1","mn":"ADBE Vector Filter - Trim","hd":false},{"ty":"tr","p":{"a":0,"k":[0,0],"ix":2},"a":{"a":0,"k":[0,0],"ix":1},"s":{"a":0,"k":[100,100],"ix":3},"r":{"a":0,"k":0,"ix":6},"o":{"a":0,"k":100,"ix":7},"sk":{"a":0,"k":0,"ix":4},"sa":{"a":0,"k":0,"ix":5},"nm":"Transform"}],"nm":"Shape 3","np":4,"cix":2,"bm":0,"ix":1,"mn":"ADBE Vector Group","hd":false}],"ip":0,"op":500,"st":0,"bm":0},{"ddd":0,"ind":10,"ty":4,"nm":"Shape Layer 1","parent":7,"sr":1,"ks":{"o":{"a":0,"k":100,"ix":11},"r":{"a":0,"k":0,"ix":10},"p":{"a":0,"k":[60.794,59.206,0],"ix":2},"a":{"a":0,"k":[0.002,9.414,0],"ix":1},"s":{"a":0,"k":[158.73,158.73,100],"ix":6}},"ao":0,"shapes":[{"ty":"gr","it":[{"ind":0,"ty":"sh","ix":1,"ks":{"a":0,"k":{"i":[[0,0],[0,0],[0,0],[0,0]],"o":[[0,0],[0,0],[0,0],[0,0]],"v":[[-42.984,-19.57],[-42.984,37.414],[43.055,37.414],[43.055,-19.562]],"c":true},"ix":2},"nm":"Path 1","mn":"ADBE Vector Shape - Group","hd":false},{"ty":"st","c":{"a":0,"k":[0.070588235294,0.074509803922,0.192156877705,1],"ix":3,"x":"var $bm_rt;\n$bm_rt = thisComp.layer('Color  & Stroke Change').effect('Primary')('Color');"},"o":{"a":0,"k":100,"ix":4},"w":{"a":0,"k":5,"ix":5,"x":"var $bm_rt;\n$bm_rt = $bm_mul(6 / 100, thisComp.layer('Color  & Stroke Change').effect('Stroke')('Slider'));"},"lc":2,"lj":2,"bm":0,"nm":"Stroke 1","mn":"ADBE Vector Graphic - Stroke","hd":false},{"ty":"tr","p":{"a":0,"k":[0,0],"ix":2},"a":{"a":0,"k":[0,0],"ix":1},"s":{"a":0,"k":[100,100],"ix":3},"r":{"a":0,"k":0,"ix":6},"o":{"a":0,"k":100,"ix":7},"sk":{"a":0,"k":0,"ix":4},"sa":{"a":0,"k":0,"ix":5},"nm":"Transform"}],"nm":"Shape 1","np":2,"cix":2,"bm":0,"ix":1,"mn":"ADBE Vector Group","hd":false},{"ty":"gr","it":[{"ind":0,"ty":"sh","ix":1,"ks":{"a":0,"k":{"i":[[0,0],[0,0],[0,0]],"o":[[0,0],[0,0],[0,0]],"v":[[-42.379,-18.836],[0,23.625],[42.375,-18.824]],"c":false},"ix":2},"nm":"Path 1","mn":"ADBE Vector Shape - Group","hd":false},{"ty":"rd","nm":"Round Corners 1","r":{"a":0,"k":10,"ix":1},"ix":2,"mn":"ADBE Vector Filter - RC","hd":false},{"ty":"st","c":{"a":0,"k":[0.070588235294,0.074509803922,0.192156877705,1],"ix":3,"x":"var $bm_rt;\n$bm_rt = thisComp.layer('Color  & Stroke Change').effect('Primary')('Color');"},"o":{"a":0,"k":100,"ix":4},"w":{"a":0,"k":5,"ix":5,"x":"var $bm_rt;\n$bm_rt = $bm_mul(6 / 100, thisComp.layer('Color  & Stroke Change').effect('Stroke')('Slider'));"},"lc":2,"lj":2,"bm":0,"nm":"Stroke 1","mn":"ADBE Vector Graphic - Stroke","hd":false},{"ty":"tr","p":{"a":0,"k":[0,0],"ix":2},"a":{"a":0,"k":[0,0],"ix":1},"s":{"a":0,"k":[100,100],"ix":3},"r":{"a":0,"k":0,"ix":6},"o":{"a":0,"k":100,"ix":7},"sk":{"a":0,"k":0,"ix":4},"sa":{"a":0,"k":0,"ix":5},"nm":"Transform"}],"nm":"Shape 2","np":3,"cix":2,"bm":0,"ix":2,"mn":"ADBE Vector Group","hd":false},{"ty":"gr","it":[{"ind":0,"ty":"sh","ix":1,"ks":{"a":0,"k":{"i":[[0,0],[0,0],[0,0]],"o":[[0,0],[0,0],[0,0]],"v":[[42.379,-18.832],[0,23.621],[-42.375,-18.836]],"c":false},"ix":2},"nm":"Path 1","mn":"ADBE Vector Shape - Group","hd":false},{"ty":"st","c":{"a":0,"k":[0.070588235294,0.074509803922,0.192156877705,1],"ix":3,"x":"var $bm_rt;\n$bm_rt = thisComp.layer('Color  & Stroke Change').effect('Secondary')('Color');"},"o":{"a":0,"k":0,"ix":4},"w":{"a":0,"k":5,"ix":5,"x":"var $bm_rt;\n$bm_rt = $bm_mul(6 / 100, thisComp.layer('Color  & Stroke Change').effect('Stroke')('Slider'));"},"lc":2,"lj":2,"bm":0,"nm":"Stroke 1","mn":"ADBE Vector Graphic - Stroke","hd":false},{"ty":"rd","nm":"Round Corners 1","r":{"a":0,"k":27,"ix":1},"ix":3,"mn":"ADBE Vector Filter - RC","hd":false},{"ty":"tm","s":{"a":0,"k":15,"ix":1},"e":{"a":0,"k":83,"ix":2},"o":{"a":0,"k":-179,"ix":3},"m":1,"ix":4,"nm":"Trim Paths 1","mn":"ADBE Vector Filter - Trim","hd":false},{"ty":"tr","p":{"a":0,"k":[0,0],"ix":2},"a":{"a":0,"k":[0,0],"ix":1},"s":{"a":0,"k":[100,100],"ix":3},"r":{"a":0,"k":0,"ix":6},"o":{"a":0,"k":100,"ix":7},"sk":{"a":0,"k":0,"ix":4},"sa":{"a":0,"k":0,"ix":5},"nm":"Transform"}],"nm":"Shape 4","np":4,"cix":2,"bm":0,"ix":3,"mn":"ADBE Vector Group","hd":false}],"ip":0,"op":500,"st":0,"bm":0}],"markers":[{"tm":10,"cm":"2","dr":0},{"tm":30,"cm":"3","dr":0},{"tm":45,"cm":"4","dr":0},{"tm":53,"cm":"5","dr":0},{"tm":60,"cm":"6","dr":0}]}