{"v":"5.7.6","fr":60,"ip":0,"op":151,"w":500,"h":500,"nm":"1140-error-outline","ddd":0,"assets":[],"layers":[{"ddd":0,"ind":1,"ty":3,"nm":"02092020","sr":1,"ks":{"o":{"a":0,"k":0,"ix":11},"r":{"a":0,"k":0,"ix":10},"p":{"a":0,"k":[-105,15,0],"ix":2,"l":2},"a":{"a":0,"k":[60,60,0],"ix":1,"l":2},"s":{"a":0,"k":[100,100,100],"ix":6,"l":2}},"ao":0,"ef":[{"ty":5,"nm":"02092020002","np":3,"mn":"ADBE Checkbox Control","ix":1,"en":1,"ef":[{"ty":7,"nm":"Checkbox","mn":"ADBE Checkbox Control-0001","ix":1,"v":{"a":0,"k":0,"ix":1}}]}],"ip":0,"op":300,"st":0,"bm":0},{"ddd":0,"ind":2,"ty":4,"nm":"lordicon.com Outlines","cl":"com","sr":1,"ks":{"o":{"a":0,"k":20,"ix":11,"x":"var $bm_rt;\nvar checkbox = thisComp.layer('02092020').effect('02092020002')('Checkbox');\nif (checkbox == 1) {\n    $bm_rt = 20;\n} else {\n    $bm_rt = 0;\n}\n;"},"r":{"a":0,"k":0,"ix":10},"p":{"a":0,"k":[249.934,481.369,0],"ix":2,"l":2},"a":{"a":0,"k":[79.934,0.369,0],"ix":1,"l":2},"s":{"a":0,"k":[265.159,265.159,100],"ix":6,"l":2}},"ao":0,"shapes":[{"ty":"gr","it":[{"ind":0,"ty":"sh","ix":1,"ks":{"a":0,"k":{"i":[[0,0],[0,0],[0,0],[0,0],[0,0],[0,0]],"o":[[0,0],[0,0],[0,0],[0,0],[0,0],[0,0]],"v":[[1.415,0],[11.014,0],[11.014,-2.523],[4.656,-2.523],[4.656,-14.809],[1.415,-14.809]],"c":true},"ix":2},"nm":"l","mn":"ADBE Vector Shape - Group","hd":false},{"ty":"fl","c":{"a":0,"k":[0,0,0,1],"ix":4},"o":{"a":0,"k":100,"ix":5},"r":1,"bm":0,"nm":"Fill 1","mn":"ADBE Vector Graphic - Fill","hd":false},{"ty":"tr","p":{"a":0,"k":[0,0],"ix":2},"a":{"a":0,"k":[0,0],"ix":1},"s":{"a":0,"k":[100,100],"ix":3},"r":{"a":0,"k":0,"ix":6},"o":{"a":0,"k":100,"ix":7},"sk":{"a":0,"k":0,"ix":4},"sa":{"a":0,"k":0,"ix":5},"nm":"Transform"}],"nm":"l","np":3,"cix":2,"bm":0,"ix":1,"mn":"ADBE Vector Group","hd":false},{"ty":"gr","it":[{"ind":0,"ty":"sh","ix":1,"ks":{"a":0,"k":{"i":[[0,-3.938],[-1.62,-1.723],[-1.949,0],[-1.641,1.846],[0,2.154],[1.579,1.805],[1.579,0]],"o":[[0,1.354],[1.354,1.415],[1.231,0],[1.21,-1.354],[0,-1.456],[-1.456,-1.641],[-5.333,0]],"v":[[11.167,-7.199],[12.992,-1.661],[18.243,0.369],[23.514,-1.743],[25.381,-7.548],[23.494,-13.127],[18.284,-15.137]],"c":true},"ix":2},"nm":"o","mn":"ADBE Vector Shape - Group","hd":false},{"ind":1,"ty":"sh","ix":2,"ks":{"a":0,"k":{"i":[[0,1.415],[-0.841,1.026],[-1.19,0],[-0.615,-1.825],[0,-0.718],[0.492,-0.738],[1.292,0],[0.451,0.615]],"o":[[0,-1.682],[0.595,-0.759],[1.518,0],[0.308,0.902],[0,2.359],[-0.595,0.923],[-1.477,0],[-0.882,-1.149]],"v":[[14.49,-7.302],[15.577,-11.609],[18.305,-12.86],[21.689,-10.235],[22.058,-7.589],[21.053,-3.343],[18.284,-1.969],[15.597,-3.159]],"c":true},"ix":2},"nm":"o","mn":"ADBE Vector Shape - Group","hd":false},{"ty":"mm","mm":1,"nm":"Merge Paths 1","mn":"ADBE Vector Filter - Merge","hd":false},{"ty":"fl","c":{"a":0,"k":[0,0,0,1],"ix":4},"o":{"a":0,"k":100,"ix":5},"r":1,"bm":0,"nm":"Fill 1","mn":"ADBE Vector Graphic - Fill","hd":false},{"ty":"tr","p":{"a":0,"k":[0,0],"ix":2},"a":{"a":0,"k":[0,0],"ix":1},"s":{"a":0,"k":[100,100],"ix":3},"r":{"a":0,"k":0,"ix":6},"o":{"a":0,"k":100,"ix":7},"sk":{"a":0,"k":0,"ix":4},"sa":{"a":0,"k":0,"ix":5},"nm":"Transform"}],"nm":"o","np":5,"cix":2,"bm":0,"ix":2,"mn":"ADBE Vector Group","hd":false},{"ty":"gr","it":[{"ind":0,"ty":"sh","ix":1,"ks":{"a":0,"k":{"i":[[0,0],[0,0],[0,0],[0,0],[-0.287,-0.841],[-0.144,-0.82],[0,0],[0.164,0.656],[0.226,1.743],[2.236,0.205],[0,2.769],[0.923,0.8],[1.641,-0.021],[0,0]],"o":[[0,0],[0,0],[0,0],[0.533,0],[0.205,0.574],[0,0],[-0.164,-0.246],[-0.103,-0.41],[-0.267,-1.928],[0.718,-0.205],[0,-0.964],[-1.19,-1.026],[0,0],[0,0]],"v":[[27.381,0],[30.622,0],[30.622,-5.989],[33.411,-5.989],[35.011,-5.148],[35.811,0],[39.318,0],[38.867,-1.067],[38.416,-3.938],[35.749,-7.343],[38.847,-10.973],[37.554,-13.824],[33.063,-14.829],[27.381,-14.829]],"c":true},"ix":2},"nm":"r","mn":"ADBE Vector Shape - Group","hd":false},{"ind":1,"ty":"sh","ix":2,"ks":{"a":0,"k":{"i":[[0,0],[0,0],[-0.492,-0.349],[0,-1.005],[0.226,-0.164],[0.369,0],[0,0]],"o":[[0,0],[1.005,0],[0.287,0.185],[0,1.046],[-0.513,0.41],[0,0],[0,0]],"v":[[30.519,-12.491],[32.652,-12.491],[34.744,-12.142],[35.524,-10.481],[34.703,-8.758],[33.083,-8.348],[30.519,-8.348]],"c":true},"ix":2},"nm":"r","mn":"ADBE Vector Shape - Group","hd":false},{"ty":"mm","mm":1,"nm":"Merge Paths 1","mn":"ADBE Vector Filter - Merge","hd":false},{"ty":"fl","c":{"a":0,"k":[0,0,0,1],"ix":4},"o":{"a":0,"k":100,"ix":5},"r":1,"bm":0,"nm":"Fill 1","mn":"ADBE Vector Graphic - Fill","hd":false},{"ty":"tr","p":{"a":0,"k":[0,0],"ix":2},"a":{"a":0,"k":[0,0],"ix":1},"s":{"a":0,"k":[100,100],"ix":3},"r":{"a":0,"k":0,"ix":6},"o":{"a":0,"k":100,"ix":7},"sk":{"a":0,"k":0,"ix":4},"sa":{"a":0,"k":0,"ix":5},"nm":"Transform"}],"nm":"r","np":5,"cix":2,"bm":0,"ix":3,"mn":"ADBE Vector Group","hd":false},{"ty":"gr","it":[{"ind":0,"ty":"sh","ix":1,"ks":{"a":0,"k":{"i":[[0,0],[0,0],[-0.554,0.103],[0,4.553],[1.866,1.374],[0.82,0],[0,0]],"o":[[0,0],[1.497,0],[2.81,-0.513],[0,-2.113],[-1.784,-1.313],[0,0],[0,0]],"v":[[41.068,0],[45.683,0],[48.349,-0.164],[53.6,-7.609],[51.077,-13.434],[45.97,-14.768],[41.068,-14.788]],"c":true},"ix":2},"nm":"d","mn":"ADBE Vector Shape - Group","hd":false},{"ind":1,"ty":"sh","ix":2,"ks":{"a":0,"k":{"i":[[0,0],[-0.656,-0.185],[0,-2.092],[1.251,-1.251],[1.354,0],[0.349,0.021]],"o":[[1.825,-0.082],[1.99,0.554],[0,0.718],[-0.923,0.923],[-0.369,0],[0,0]],"v":[[44.288,-12.388],[47.611,-12.183],[50.318,-7.609],[48.985,-3.425],[45.539,-2.4],[44.288,-2.441]],"c":true},"ix":2},"nm":"d","mn":"ADBE Vector Shape - Group","hd":false},{"ty":"mm","mm":1,"nm":"Merge Paths 1","mn":"ADBE Vector Filter - Merge","hd":false},{"ty":"fl","c":{"a":0,"k":[0,0,0,1],"ix":4},"o":{"a":0,"k":100,"ix":5},"r":1,"bm":0,"nm":"Fill 1","mn":"ADBE Vector Graphic - Fill","hd":false},{"ty":"tr","p":{"a":0,"k":[0,0],"ix":2},"a":{"a":0,"k":[0,0],"ix":1},"s":{"a":0,"k":[100,100],"ix":3},"r":{"a":0,"k":0,"ix":6},"o":{"a":0,"k":100,"ix":7},"sk":{"a":0,"k":0,"ix":4},"sa":{"a":0,"k":0,"ix":5},"nm":"Transform"}],"nm":"d","np":5,"cix":2,"bm":0,"ix":4,"mn":"ADBE Vector Group","hd":false},{"ty":"gr","it":[{"ind":0,"ty":"sh","ix":1,"ks":{"a":0,"k":{"i":[[0,0],[0,0],[0,0],[0,0]],"o":[[0,0],[0,0],[0,0],[0,0]],"v":[[55.669,0],[58.849,0],[58.849,-14.87],[55.669,-14.87]],"c":true},"ix":2},"nm":"i","mn":"ADBE Vector Shape - Group","hd":false},{"ty":"fl","c":{"a":0,"k":[0,0,0,1],"ix":4},"o":{"a":0,"k":100,"ix":5},"r":1,"bm":0,"nm":"Fill 1","mn":"ADBE Vector Graphic - Fill","hd":false},{"ty":"tr","p":{"a":0,"k":[0,0],"ix":2},"a":{"a":0,"k":[0,0],"ix":1},"s":{"a":0,"k":[100,100],"ix":3},"r":{"a":0,"k":0,"ix":6},"o":{"a":0,"k":100,"ix":7},"sk":{"a":0,"k":0,"ix":4},"sa":{"a":0,"k":0,"ix":5},"nm":"Transform"}],"nm":"i","np":3,"cix":2,"bm":0,"ix":5,"mn":"ADBE Vector Group","hd":false},{"ty":"gr","it":[{"ind":0,"ty":"sh","ix":1,"ks":{"a":0,"k":{"i":[[0,0],[3.241,0],[0,-4.697],[-5.107,0],[-1.313,1.354],[-0.062,0.882],[0,0],[1.333,0],[0,0.882],[-2.359,0],[-0.062,-0.513]],"o":[[0,-2.954],[-4.164,0],[0,3.671],[1.354,0],[1.19,-1.231],[0,0],[-0.062,1.969],[-3.097,0],[0,-3.056],[2.154,0],[0,0]],"v":[[73.104,-9.989],[67.587,-14.911],[60.798,-7.097],[67.566,0.349],[71.894,-1.313],[73.227,-4.799],[69.884,-4.799],[67.218,-1.99],[64.121,-7.076],[67.464,-12.593],[69.864,-9.989]],"c":true},"ix":2},"nm":"c","mn":"ADBE Vector Shape - Group","hd":false},{"ty":"fl","c":{"a":0,"k":[0,0,0,1],"ix":4},"o":{"a":0,"k":100,"ix":5},"r":1,"bm":0,"nm":"Fill 1","mn":"ADBE Vector Graphic - Fill","hd":false},{"ty":"tr","p":{"a":0,"k":[0,0],"ix":2},"a":{"a":0,"k":[0,0],"ix":1},"s":{"a":0,"k":[100,100],"ix":3},"r":{"a":0,"k":0,"ix":6},"o":{"a":0,"k":100,"ix":7},"sk":{"a":0,"k":0,"ix":4},"sa":{"a":0,"k":0,"ix":5},"nm":"Transform"}],"nm":"c","np":3,"cix":2,"bm":0,"ix":6,"mn":"ADBE Vector Group","hd":false},{"ty":"gr","it":[{"ind":0,"ty":"sh","ix":1,"ks":{"a":0,"k":{"i":[[0,-3.938],[-1.62,-1.723],[-1.949,0],[-1.641,1.846],[0,2.154],[1.579,1.805],[1.579,0]],"o":[[0,1.354],[1.354,1.415],[1.231,0],[1.21,-1.354],[0,-1.456],[-1.456,-1.641],[-5.333,0]],"v":[[74.546,-7.199],[76.372,-1.661],[81.622,0.369],[86.894,-1.743],[88.76,-7.548],[86.873,-13.127],[81.663,-15.137]],"c":true},"ix":2},"nm":"o","mn":"ADBE Vector Shape - Group","hd":false},{"ind":1,"ty":"sh","ix":2,"ks":{"a":0,"k":{"i":[[0,1.415],[-0.841,1.026],[-1.19,0],[-0.615,-1.825],[0,-0.718],[0.492,-0.738],[1.292,0],[0.451,0.615]],"o":[[0,-1.682],[0.595,-0.759],[1.518,0],[0.308,0.902],[0,2.359],[-0.595,0.923],[-1.477,0],[-0.882,-1.149]],"v":[[77.869,-7.302],[78.956,-11.609],[81.684,-12.86],[85.068,-10.235],[85.437,-7.589],[84.432,-3.343],[81.663,-1.969],[78.977,-3.159]],"c":true},"ix":2},"nm":"o","mn":"ADBE Vector Shape - Group","hd":false},{"ty":"mm","mm":1,"nm":"Merge Paths 1","mn":"ADBE Vector Filter - Merge","hd":false},{"ty":"fl","c":{"a":0,"k":[0,0,0,1],"ix":4},"o":{"a":0,"k":100,"ix":5},"r":1,"bm":0,"nm":"Fill 1","mn":"ADBE Vector Graphic - Fill","hd":false},{"ty":"tr","p":{"a":0,"k":[0,0],"ix":2},"a":{"a":0,"k":[0,0],"ix":1},"s":{"a":0,"k":[100,100],"ix":3},"r":{"a":0,"k":0,"ix":6},"o":{"a":0,"k":100,"ix":7},"sk":{"a":0,"k":0,"ix":4},"sa":{"a":0,"k":0,"ix":5},"nm":"Transform"}],"nm":"o","np":5,"cix":2,"bm":0,"ix":7,"mn":"ADBE Vector Group","hd":false},{"ty":"gr","it":[{"ind":0,"ty":"sh","ix":1,"ks":{"a":0,"k":{"i":[[0,0],[0,0],[0,0],[0,0],[0,0],[0,0],[0,0],[0,0],[0,0],[0,0]],"o":[[0,0],[0,0],[0,0],[0,0],[0,0],[0,0],[0,0],[0,0],[0,0],[0,0]],"v":[[91.007,0],[94.001,0],[94.001,-12.306],[99.744,0],[104.113,0],[104.113,-14.829],[101.159,-14.829],[101.159,-3.159],[95.601,-14.829],[91.007,-14.829]],"c":true},"ix":2},"nm":"n","mn":"ADBE Vector Shape - Group","hd":false},{"ty":"fl","c":{"a":0,"k":[0,0,0,1],"ix":4},"o":{"a":0,"k":100,"ix":5},"r":1,"bm":0,"nm":"Fill 1","mn":"ADBE Vector Graphic - Fill","hd":false},{"ty":"tr","p":{"a":0,"k":[0,0],"ix":2},"a":{"a":0,"k":[0,0],"ix":1},"s":{"a":0,"k":[100,100],"ix":3},"r":{"a":0,"k":0,"ix":6},"o":{"a":0,"k":100,"ix":7},"sk":{"a":0,"k":0,"ix":4},"sa":{"a":0,"k":0,"ix":5},"nm":"Transform"}],"nm":"n","np":3,"cix":2,"bm":0,"ix":8,"mn":"ADBE Vector Group","hd":false},{"ty":"gr","it":[{"ind":0,"ty":"sh","ix":1,"ks":{"a":0,"k":{"i":[[0,0],[0,0],[0,0],[0,0]],"o":[[0,0],[0,0],[0,0],[0,0]],"v":[[106.893,0],[109.497,0],[109.497,-2.728],[106.893,-2.728]],"c":true},"ix":2},"nm":".","mn":"ADBE Vector Shape - Group","hd":false},{"ty":"fl","c":{"a":0,"k":[0,0,0,1],"ix":4},"o":{"a":0,"k":100,"ix":5},"r":1,"bm":0,"nm":"Fill 1","mn":"ADBE Vector Graphic - Fill","hd":false},{"ty":"tr","p":{"a":0,"k":[0,0],"ix":2},"a":{"a":0,"k":[0,0],"ix":1},"s":{"a":0,"k":[100,100],"ix":3},"r":{"a":0,"k":0,"ix":6},"o":{"a":0,"k":100,"ix":7},"sk":{"a":0,"k":0,"ix":4},"sa":{"a":0,"k":0,"ix":5},"nm":"Transform"}],"nm":".","np":3,"cix":2,"bm":0,"ix":9,"mn":"ADBE Vector Group","hd":false},{"ty":"gr","it":[{"ind":0,"ty":"sh","ix":1,"ks":{"a":0,"k":{"i":[[0,0],[3.241,0],[0,-4.697],[-5.107,0],[-1.313,1.354],[-0.062,0.882],[0,0],[1.333,0],[0,0.882],[-2.359,0],[-0.062,-0.513]],"o":[[0,-2.954],[-4.164,0],[0,3.671],[1.354,0],[1.19,-1.231],[0,0],[-0.062,1.969],[-3.097,0],[0,-3.056],[2.154,0],[0,0]],"v":[[124.04,-9.989],[118.523,-14.911],[111.734,-7.097],[118.502,0.349],[122.83,-1.313],[124.163,-4.799],[120.82,-4.799],[118.154,-1.99],[115.057,-7.076],[118.4,-12.593],[120.8,-9.989]],"c":true},"ix":2},"nm":"c","mn":"ADBE Vector Shape - Group","hd":false},{"ty":"fl","c":{"a":0,"k":[0,0,0,1],"ix":4},"o":{"a":0,"k":100,"ix":5},"r":1,"bm":0,"nm":"Fill 1","mn":"ADBE Vector Graphic - Fill","hd":false},{"ty":"tr","p":{"a":0,"k":[0,0],"ix":2},"a":{"a":0,"k":[0,0],"ix":1},"s":{"a":0,"k":[100,100],"ix":3},"r":{"a":0,"k":0,"ix":6},"o":{"a":0,"k":100,"ix":7},"sk":{"a":0,"k":0,"ix":4},"sa":{"a":0,"k":0,"ix":5},"nm":"Transform"}],"nm":"c","np":3,"cix":2,"bm":0,"ix":10,"mn":"ADBE Vector Group","hd":false},{"ty":"gr","it":[{"ind":0,"ty":"sh","ix":1,"ks":{"a":0,"k":{"i":[[0,-3.938],[-1.62,-1.723],[-1.949,0],[-1.641,1.846],[0,2.154],[1.579,1.805],[1.579,0]],"o":[[0,1.354],[1.354,1.415],[1.231,0],[1.21,-1.354],[0,-1.456],[-1.456,-1.641],[-5.333,0]],"v":[[125.482,-7.199],[127.308,-1.661],[132.558,0.369],[137.829,-1.743],[139.696,-7.548],[137.809,-13.127],[132.599,-15.137]],"c":true},"ix":2},"nm":"o","mn":"ADBE Vector Shape - Group","hd":false},{"ind":1,"ty":"sh","ix":2,"ks":{"a":0,"k":{"i":[[0,1.415],[-0.841,1.026],[-1.19,0],[-0.615,-1.825],[0,-0.718],[0.492,-0.738],[1.292,0],[0.451,0.615]],"o":[[0,-1.682],[0.595,-0.759],[1.518,0],[0.308,0.902],[0,2.359],[-0.595,0.923],[-1.477,0],[-0.882,-1.149]],"v":[[128.805,-7.302],[129.892,-11.609],[132.62,-12.86],[136.004,-10.235],[136.373,-7.589],[135.368,-3.343],[132.599,-1.969],[129.912,-3.159]],"c":true},"ix":2},"nm":"o","mn":"ADBE Vector Shape - Group","hd":false},{"ty":"mm","mm":1,"nm":"Merge Paths 1","mn":"ADBE Vector Filter - Merge","hd":false},{"ty":"fl","c":{"a":0,"k":[0,0,0,1],"ix":4},"o":{"a":0,"k":100,"ix":5},"r":1,"bm":0,"nm":"Fill 1","mn":"ADBE Vector Graphic - Fill","hd":false},{"ty":"tr","p":{"a":0,"k":[0,0],"ix":2},"a":{"a":0,"k":[0,0],"ix":1},"s":{"a":0,"k":[100,100],"ix":3},"r":{"a":0,"k":0,"ix":6},"o":{"a":0,"k":100,"ix":7},"sk":{"a":0,"k":0,"ix":4},"sa":{"a":0,"k":0,"ix":5},"nm":"Transform"}],"nm":"o","np":5,"cix":2,"bm":0,"ix":11,"mn":"ADBE Vector Group","hd":false},{"ty":"gr","it":[{"ind":0,"ty":"sh","ix":1,"ks":{"a":0,"k":{"i":[[0,0],[0,0],[0,0],[0,0],[0,0],[0,0],[0,0],[0,0],[0,0],[0,0],[0,0],[0,0],[0,0]],"o":[[0,0],[0,0],[0,0],[0,0],[0,0],[0,0],[0,0],[0,0],[0,0],[0,0],[0,0],[0,0],[0,0]],"v":[[141.696,0],[144.67,0],[144.67,-12.716],[148.629,0],[151.254,0],[155.295,-12.716],[155.295,0],[158.453,0],[158.453,-14.829],[153.408,-14.829],[150.024,-4.041],[146.885,-14.829],[141.696,-14.829]],"c":true},"ix":2},"nm":"m","mn":"ADBE Vector Shape - Group","hd":false},{"ty":"fl","c":{"a":0,"k":[0,0,0,1],"ix":4},"o":{"a":0,"k":100,"ix":5},"r":1,"bm":0,"nm":"Fill 1","mn":"ADBE Vector Graphic - Fill","hd":false},{"ty":"tr","p":{"a":0,"k":[0,0],"ix":2},"a":{"a":0,"k":[0,0],"ix":1},"s":{"a":0,"k":[100,100],"ix":3},"r":{"a":0,"k":0,"ix":6},"o":{"a":0,"k":100,"ix":7},"sk":{"a":0,"k":0,"ix":4},"sa":{"a":0,"k":0,"ix":5},"nm":"Transform"}],"nm":"m","np":3,"cix":2,"bm":0,"ix":12,"mn":"ADBE Vector Group","hd":false}],"ip":2.5,"op":25,"st":0,"bm":0},{"ddd":0,"ind":3,"ty":3,"nm":"Color  & Stroke Change","sr":1,"ks":{"o":{"a":0,"k":0,"ix":11},"r":{"a":0,"k":0,"ix":10},"p":{"a":0,"k":[0,0],"ix":2,"l":2},"a":{"a":0,"k":[0,0,0],"ix":1,"l":2},"s":{"a":0,"k":[100,100,100],"ix":6,"l":2}},"ao":0,"ef":[{"ty":5,"nm":"Primary","np":3,"mn":"ADBE Color Control","ix":1,"en":1,"ef":[{"ty":2,"nm":"Color","mn":"ADBE Color Control-0001","ix":1,"v":{"a":0,"k":[0.070588238537,0.074509806931,0.192156866193,1],"ix":1}}]},{"ty":5,"nm":"Secondary","np":3,"mn":"ADBE Color Control","ix":2,"en":1,"ef":[{"ty":2,"nm":"Color","mn":"ADBE Color Control-0001","ix":1,"v":{"a":0,"k":[0.031372550875,0.658823549747,0.541176497936,1],"ix":1}}]},{"ty":5,"nm":"Stroke","np":3,"mn":"ADBE Slider Control","ix":3,"en":1,"ef":[{"ty":0,"nm":"Slider","mn":"ADBE Slider Control-0001","ix":1,"v":{"a":0,"k":70,"ix":1}}]},{"ty":5,"nm":"Axis","np":3,"mn":"ADBE Point Control","ix":4,"en":1,"ef":[{"ty":3,"nm":"Point","mn":"ADBE Point Control-0001","ix":1,"v":{"a":0,"k":[250,250],"ix":1}}]},{"ty":5,"nm":"Scale","np":3,"mn":"ADBE Slider Control","ix":5,"en":1,"ef":[{"ty":0,"nm":"Slider","mn":"ADBE Slider Control-0001","ix":1,"v":{"a":0,"k":100,"ix":1}}]}],"ip":0,"op":300,"st":0,"bm":0},{"ddd":0,"ind":4,"ty":3,"nm":"NULL","sr":1,"ks":{"o":{"a":0,"k":0,"ix":11},"r":{"a":0,"k":0,"ix":10},"p":{"a":0,"k":[250,250,0],"ix":2,"l":2,"x":"var $bm_rt;\n$bm_rt = thisComp.layer('Color  & Stroke Change').effect('Axis')('Point');"},"a":{"a":0,"k":[60,60,0],"ix":1,"l":2},"s":{"a":0,"k":[100,100,100],"ix":6,"l":2,"x":"var $bm_rt;\nvar temp;\ntemp = thisComp.layer('Color  & Stroke Change').effect('Scale')('Slider');\n$bm_rt = [\n    temp,\n    temp\n];"}},"ao":0,"ip":0,"op":300,"st":0,"bm":0},{"ddd":0,"ind":5,"ty":4,"nm":"outline 2","parent":4,"sr":1,"ks":{"o":{"a":0,"k":100,"ix":11},"r":{"a":1,"k":[{"i":{"x":[0.13],"y":[1]},"o":{"x":[0.333],"y":[0]},"t":0,"s":[0]},{"i":{"x":[0.129],"y":[1]},"o":{"x":[0.503],"y":[0]},"t":24,"s":[19]},{"i":{"x":[0.667],"y":[1]},"o":{"x":[0.333],"y":[0]},"t":83,"s":[-20]},{"i":{"x":[0.667],"y":[1]},"o":{"x":[0.333],"y":[0]},"t":111,"s":[5]},{"i":{"x":[0.667],"y":[1]},"o":{"x":[0.333],"y":[0]},"t":130,"s":[-2]},{"t":150,"s":[0]}],"ix":10},"p":{"a":0,"k":[60,61.333,0],"ix":2,"l":2},"a":{"a":0,"k":[250,251.333,0],"ix":1,"l":2},"s":{"a":0,"k":[100,100,100],"ix":6,"l":2}},"ao":0,"shapes":[{"ty":"gr","it":[{"ind":0,"ty":"sh","ix":1,"ks":{"a":1,"k":[{"i":{"x":0.31,"y":1},"o":{"x":0.333,"y":0},"t":0,"s":[{"i":[[0,8.755],[-8.755,0],[0,-8.755],[8.755,0]],"o":[[0,-8.755],[8.755,0],[0,8.755],[-8.755,0]],"v":[[-15.853,0],[0,-15.853],[15.853,0],[0,15.853]],"c":true}]},{"i":{"x":0.667,"y":1},"o":{"x":0.333,"y":0},"t":22,"s":[{"i":[[0,20.789],[-20.789,0],[0,-20.789],[20.789,0]],"o":[[0,-20.789],[20.789,0],[0,20.789],[-20.789,0]],"v":[[-37.641,51.545],[0,13.903],[37.641,51.545],[0,89.186]],"c":true}]},{"i":{"x":0.272,"y":1},"o":{"x":0.333,"y":0},"t":46,"s":[{"i":[[0,11.314],[-11.314,0],[0,-11.314],[11.314,0]],"o":[[0,-11.314],[11.314,0],[0,11.314],[-11.314,0]],"v":[[-23.573,6.178],[-3.087,-14.308],[17.399,6.178],[-3.087,26.664]],"c":true}]},{"i":{"x":0.423,"y":1},"o":{"x":0.586,"y":0},"t":81,"s":[{"i":[[0,20.789],[-20.789,0],[0,-20.789],[20.789,0]],"o":[[0,-20.789],[20.789,0],[0,20.789],[-20.789,0]],"v":[[-37.641,51.545],[0,13.903],[37.641,51.545],[0,89.186]],"c":true}]},{"i":{"x":0.667,"y":1},"o":{"x":0.333,"y":0},"t":109,"s":[{"i":[[0,7.512],[-7.512,0],[0,-7.512],[7.512,0]],"o":[[0,-7.512],[7.512,0],[0,7.512],[-7.512,0]],"v":[[-13.601,-8.118],[0,-21.719],[13.601,-8.118],[0,5.483]],"c":true}]},{"i":{"x":0.667,"y":1},"o":{"x":0.333,"y":0},"t":128,"s":[{"i":[[0,9.995],[-9.995,0],[0,-9.995],[9.995,0]],"o":[[0,-9.995],[9.995,0],[0,9.995],[-9.995,0]],"v":[[-18.097,-0.911],[0,-19.008],[18.097,-0.911],[0,17.186]],"c":true}]},{"t":148,"s":[{"i":[[0,8.755],[-8.755,0],[0,-8.755],[8.755,0]],"o":[[0,-8.755],[8.755,0],[0,8.755],[-8.755,0]],"v":[[-15.853,0],[0,-15.853],[15.853,0],[0,15.853]],"c":true}]}],"ix":2},"nm":"Path 1","mn":"ADBE Vector Shape - Group","hd":false},{"ind":1,"ty":"sh","ix":2,"ks":{"a":1,"k":[{"i":{"x":0.31,"y":1},"o":{"x":0.333,"y":0},"t":0,"s":[{"i":[[7.383,0],[0,0],[0.36,7.375],[0,0],[-9.369,0],[0,0],[0.457,-9.358],[0,0]],"o":[[0,0],[-7.383,0],[0,0],[-0.457,-9.358],[0,0],[9.369,0],[0,0],[-0.36,7.375]],"v":[[2.704,-41.892],[-2.704,-41.892],[-16.531,-55.061],[-19.358,-112.951],[-2.981,-130.147],[2.981,-130.147],[19.358,-112.951],[16.531,-55.061]],"c":true}]},{"i":{"x":0.667,"y":1},"o":{"x":0.333,"y":0},"t":22,"s":[{"i":[[17.531,0],[0,0],[0.855,17.51],[0,0],[-22.247,0],[0,0],[1.085,-22.22],[0,0]],"o":[[0,0],[-17.531,0],[0,0],[-1.085,-22.22],[0,0],[22.247,0],[0,0],[-0.855,17.51]],"v":[[6.42,-47.926],[-6.42,-47.926],[-39.252,-79.194],[-45.964,-216.65],[-7.078,-257.48],[7.078,-257.48],[45.964,-216.65],[39.252,-79.194]],"c":true}]},{"i":{"x":0.272,"y":1},"o":{"x":0.333,"y":0},"t":46,"s":[{"i":[[9.541,0],[0,0],[0.465,9.53],[0,0],[-12.108,0],[0,0],[0.59,-12.093],[0,0]],"o":[[0,0],[-9.541,0],[0,0],[-0.59,-12.093],[0,0],[12.108,0],[0,0],[-0.465,9.53]],"v":[[0.407,-47.958],[-6.581,-47.958],[-24.45,-64.975],[-28.102,-139.784],[-6.939,-162.005],[0.765,-162.005],[21.928,-139.784],[18.276,-64.975]],"c":true}]},{"i":{"x":0.423,"y":1},"o":{"x":0.586,"y":0},"t":81,"s":[{"i":[[17.531,0],[0,0],[0.855,17.51],[0,0],[-22.247,0],[0,0],[1.085,-22.22],[0,0]],"o":[[0,0],[-17.531,0],[0,0],[-1.085,-22.22],[0,0],[22.247,0],[0,0],[-0.855,17.51]],"v":[[6.42,-47.926],[-6.42,-47.926],[-39.252,-79.194],[-45.964,-216.65],[-7.078,-257.48],[7.078,-257.48],[45.964,-216.65],[39.252,-79.194]],"c":true}]},{"i":{"x":0.667,"y":1},"o":{"x":0.333,"y":0},"t":109,"s":[{"i":[[6.335,0],[0,0],[0.309,6.327],[0,0],[-8.038,0],[0,0],[0.392,-8.029],[0,0]],"o":[[0,0],[-6.335,0],[0,0],[-0.392,-8.029],[0,0],[8.038,0],[0,0],[-0.309,6.327]],"v":[[2.32,-44.059],[-2.32,-44.059],[-14.183,-55.357],[-16.608,-105.025],[-2.558,-119.778],[2.558,-119.778],[16.608,-105.025],[14.183,-55.357]],"c":true}]},{"i":{"x":0.667,"y":1},"o":{"x":0.333,"y":0},"t":128,"s":[{"i":[[8.428,0],[0,0],[0.411,8.418],[0,0],[-10.696,0],[0,0],[0.522,-10.683],[0,0]],"o":[[0,0],[-8.428,0],[0,0],[-0.522,-10.683],[0,0],[10.696,0],[0,0],[-0.411,8.418]],"v":[[3.087,-48.733],[-3.087,-48.733],[-18.871,-63.766],[-22.098,-129.851],[-3.403,-149.48],[3.403,-149.48],[22.098,-129.851],[18.871,-63.766]],"c":true}]},{"t":148,"s":[{"i":[[7.383,0],[0,0],[0.36,7.375],[0,0],[-9.369,0],[0,0],[0.457,-9.358],[0,0]],"o":[[0,0],[-7.383,0],[0,0],[-0.457,-9.358],[0,0],[9.369,0],[0,0],[-0.36,7.375]],"v":[[2.704,-41.892],[-2.704,-41.892],[-16.531,-55.061],[-19.358,-112.951],[-2.981,-130.147],[2.981,-130.147],[19.358,-112.951],[16.531,-55.061]],"c":true}]}],"ix":2},"nm":"Path 2","mn":"ADBE Vector Shape - Group","hd":false},{"ty":"st","c":{"a":0,"k":[0.031372550875,0.639215707779,0.521568655968,1],"ix":3,"x":"var $bm_rt;\n$bm_rt = thisComp.layer('Color  & Stroke Change').effect('Secondary')('Color');"},"o":{"a":0,"k":100,"ix":4},"w":{"a":0,"k":12,"ix":5,"x":"var $bm_rt;\n$bm_rt = $bm_mul(17.2 / 100, thisComp.layer('Color  & Stroke Change').effect('Stroke')('Slider'));"},"lc":2,"lj":2,"bm":0,"nm":"Stroke 1","mn":"ADBE Vector Graphic - Stroke","hd":false},{"ty":"tr","p":{"a":0,"k":[250,335.48],"ix":2},"a":{"a":0,"k":[0,0],"ix":1},"s":{"a":0,"k":[100,100],"ix":3},"r":{"a":0,"k":0,"ix":6},"o":{"a":0,"k":100,"ix":7},"sk":{"a":0,"k":0,"ix":4},"sa":{"a":0,"k":0,"ix":5},"nm":"Transform"}],"nm":"Group 1","np":3,"cix":2,"bm":0,"ix":1,"mn":"ADBE Vector Group","hd":false}],"ip":0,"op":844,"st":0,"bm":0},{"ddd":0,"ind":6,"ty":4,"nm":"mask","parent":4,"td":1,"sr":1,"ks":{"o":{"a":0,"k":100,"ix":11},"r":{"a":1,"k":[{"i":{"x":[0.13],"y":[1]},"o":{"x":[0.333],"y":[0]},"t":0,"s":[0]},{"i":{"x":[0.129],"y":[1]},"o":{"x":[0.503],"y":[0]},"t":24,"s":[19]},{"i":{"x":[0.667],"y":[1]},"o":{"x":[0.333],"y":[0]},"t":83,"s":[-20]},{"i":{"x":[0.667],"y":[1]},"o":{"x":[0.333],"y":[0]},"t":111,"s":[5]},{"i":{"x":[0.667],"y":[1]},"o":{"x":[0.333],"y":[0]},"t":130,"s":[-2]},{"t":150,"s":[0]}],"ix":10},"p":{"a":0,"k":[60,61.333,0],"ix":2,"l":2},"a":{"a":0,"k":[250,251.333,0],"ix":1,"l":2},"s":{"a":0,"k":[100,100,100],"ix":6,"l":2}},"ao":0,"shapes":[{"ty":"gr","it":[{"ind":0,"ty":"sh","ix":1,"ks":{"a":1,"k":[{"i":{"x":0.31,"y":1},"o":{"x":0.333,"y":0},"t":0,"s":[{"i":[[0,8.755],[-8.755,0],[0,-8.755],[8.755,0]],"o":[[0,-8.755],[8.755,0],[0,8.755],[-8.755,0]],"v":[[-15.853,0],[0,-15.853],[15.853,0],[0,15.853]],"c":true}]},{"i":{"x":0.667,"y":1},"o":{"x":0.333,"y":0},"t":22,"s":[{"i":[[0,20.789],[-20.789,0],[0,-20.789],[20.789,0]],"o":[[0,-20.789],[20.789,0],[0,20.789],[-20.789,0]],"v":[[-37.641,51.545],[0,13.903],[37.641,51.545],[0,89.186]],"c":true}]},{"i":{"x":0.272,"y":1},"o":{"x":0.333,"y":0},"t":46,"s":[{"i":[[0,11.314],[-11.314,0],[0,-11.314],[11.314,0]],"o":[[0,-11.314],[11.314,0],[0,11.314],[-11.314,0]],"v":[[-23.573,6.178],[-3.087,-14.308],[17.399,6.178],[-3.087,26.664]],"c":true}]},{"i":{"x":0.423,"y":1},"o":{"x":0.586,"y":0},"t":81,"s":[{"i":[[0,20.789],[-20.789,0],[0,-20.789],[20.789,0]],"o":[[0,-20.789],[20.789,0],[0,20.789],[-20.789,0]],"v":[[-37.641,51.545],[0,13.903],[37.641,51.545],[0,89.186]],"c":true}]},{"i":{"x":0.667,"y":1},"o":{"x":0.333,"y":0},"t":109,"s":[{"i":[[0,7.512],[-7.512,0],[0,-7.512],[7.512,0]],"o":[[0,-7.512],[7.512,0],[0,7.512],[-7.512,0]],"v":[[-13.601,-8.118],[0,-21.719],[13.601,-8.118],[0,5.483]],"c":true}]},{"i":{"x":0.667,"y":1},"o":{"x":0.333,"y":0},"t":128,"s":[{"i":[[0,9.995],[-9.995,0],[0,-9.995],[9.995,0]],"o":[[0,-9.995],[9.995,0],[0,9.995],[-9.995,0]],"v":[[-18.097,-0.911],[0,-19.008],[18.097,-0.911],[0,17.186]],"c":true}]},{"t":148,"s":[{"i":[[0,8.755],[-8.755,0],[0,-8.755],[8.755,0]],"o":[[0,-8.755],[8.755,0],[0,8.755],[-8.755,0]],"v":[[-15.853,0],[0,-15.853],[15.853,0],[0,15.853]],"c":true}]}],"ix":2},"nm":"Path 1","mn":"ADBE Vector Shape - Group","hd":false},{"ind":1,"ty":"sh","ix":2,"ks":{"a":1,"k":[{"i":{"x":0.31,"y":1},"o":{"x":0.333,"y":0},"t":0,"s":[{"i":[[7.383,0],[0,0],[0.36,7.375],[0,0],[-9.369,0],[0,0],[0.457,-9.358],[0,0]],"o":[[0,0],[-7.383,0],[0,0],[-0.457,-9.358],[0,0],[9.369,0],[0,0],[-0.36,7.375]],"v":[[2.704,-41.892],[-2.704,-41.892],[-16.531,-55.061],[-19.358,-112.951],[-2.981,-130.147],[2.981,-130.147],[19.358,-112.951],[16.531,-55.061]],"c":true}]},{"i":{"x":0.667,"y":1},"o":{"x":0.333,"y":0},"t":22,"s":[{"i":[[17.531,0],[0,0],[0.855,17.51],[0,0],[-22.247,0],[0,0],[1.085,-22.22],[0,0]],"o":[[0,0],[-17.531,0],[0,0],[-1.085,-22.22],[0,0],[22.247,0],[0,0],[-0.855,17.51]],"v":[[6.42,-47.926],[-6.42,-47.926],[-39.252,-79.194],[-45.964,-216.65],[-7.078,-257.48],[7.078,-257.48],[45.964,-216.65],[39.252,-79.194]],"c":true}]},{"i":{"x":0.272,"y":1},"o":{"x":0.333,"y":0},"t":46,"s":[{"i":[[9.541,0],[0,0],[0.465,9.53],[0,0],[-12.108,0],[0,0],[0.59,-12.093],[0,0]],"o":[[0,0],[-9.541,0],[0,0],[-0.59,-12.093],[0,0],[12.108,0],[0,0],[-0.465,9.53]],"v":[[0.407,-47.958],[-6.581,-47.958],[-24.45,-64.975],[-28.102,-139.784],[-6.939,-162.005],[0.765,-162.005],[21.928,-139.784],[18.276,-64.975]],"c":true}]},{"i":{"x":0.423,"y":1},"o":{"x":0.586,"y":0},"t":81,"s":[{"i":[[17.531,0],[0,0],[0.855,17.51],[0,0],[-22.247,0],[0,0],[1.085,-22.22],[0,0]],"o":[[0,0],[-17.531,0],[0,0],[-1.085,-22.22],[0,0],[22.247,0],[0,0],[-0.855,17.51]],"v":[[6.42,-47.926],[-6.42,-47.926],[-39.252,-79.194],[-45.964,-216.65],[-7.078,-257.48],[7.078,-257.48],[45.964,-216.65],[39.252,-79.194]],"c":true}]},{"i":{"x":0.667,"y":1},"o":{"x":0.333,"y":0},"t":109,"s":[{"i":[[6.335,0],[0,0],[0.309,6.327],[0,0],[-8.038,0],[0,0],[0.392,-8.029],[0,0]],"o":[[0,0],[-6.335,0],[0,0],[-0.392,-8.029],[0,0],[8.038,0],[0,0],[-0.309,6.327]],"v":[[2.32,-44.059],[-2.32,-44.059],[-14.183,-55.357],[-16.608,-105.025],[-2.558,-119.778],[2.558,-119.778],[16.608,-105.025],[14.183,-55.357]],"c":true}]},{"i":{"x":0.667,"y":1},"o":{"x":0.333,"y":0},"t":128,"s":[{"i":[[8.428,0],[0,0],[0.411,8.418],[0,0],[-10.696,0],[0,0],[0.522,-10.683],[0,0]],"o":[[0,0],[-8.428,0],[0,0],[-0.522,-10.683],[0,0],[10.696,0],[0,0],[-0.411,8.418]],"v":[[3.087,-48.733],[-3.087,-48.733],[-18.871,-63.766],[-22.098,-129.851],[-3.403,-149.48],[3.403,-149.48],[22.098,-129.851],[18.871,-63.766]],"c":true}]},{"t":148,"s":[{"i":[[7.383,0],[0,0],[0.36,7.375],[0,0],[-9.369,0],[0,0],[0.457,-9.358],[0,0]],"o":[[0,0],[-7.383,0],[0,0],[-0.457,-9.358],[0,0],[9.369,0],[0,0],[-0.36,7.375]],"v":[[2.704,-41.892],[-2.704,-41.892],[-16.531,-55.061],[-19.358,-112.951],[-2.981,-130.147],[2.981,-130.147],[19.358,-112.951],[16.531,-55.061]],"c":true}]}],"ix":2},"nm":"Path 2","mn":"ADBE Vector Shape - Group","hd":false},{"ty":"fl","c":{"a":0,"k":[1,0,0,1],"ix":4},"o":{"a":0,"k":100,"ix":5},"r":1,"bm":0,"nm":"Fill 1","mn":"ADBE Vector Graphic - Fill","hd":false},{"ty":"tr","p":{"a":0,"k":[250,335.48],"ix":2},"a":{"a":0,"k":[0,0],"ix":1},"s":{"a":0,"k":[100,100],"ix":3},"r":{"a":0,"k":0,"ix":6},"o":{"a":0,"k":100,"ix":7},"sk":{"a":0,"k":0,"ix":4},"sa":{"a":0,"k":0,"ix":5},"nm":"Transform"}],"nm":"Group 1","np":3,"cix":2,"bm":0,"ix":1,"mn":"ADBE Vector Group","hd":false}],"ip":0,"op":844,"st":0,"bm":0},{"ddd":0,"ind":7,"ty":4,"nm":"outline","parent":4,"tt":2,"sr":1,"ks":{"o":{"a":0,"k":100,"ix":11},"r":{"a":0,"k":0,"ix":10},"p":{"a":0,"k":[60,60,0],"ix":2,"l":2},"a":{"a":0,"k":[0,0,0],"ix":1,"l":2},"s":{"a":0,"k":[100,100,100],"ix":6,"l":2}},"ao":0,"shapes":[{"ty":"gr","it":[{"ind":0,"ty":"sh","ix":1,"ks":{"a":1,"k":[{"i":{"x":0.181,"y":1},"o":{"x":0.333,"y":0},"t":0,"s":[{"i":[[-5.016,-8.689],[0,0],[10.033,0],[0,0],[-5.016,8.689],[0,0]],"o":[[0,0],[5.016,8.689],[0,0],[-10.033,0],[0,0],[5.016,-8.689]],"v":[[11.287,-126.916],[150.313,113.883],[139.026,133.433],[-139.026,133.433],[-150.313,113.883],[-11.287,-126.916]],"c":true}]},{"i":{"x":0.667,"y":1},"o":{"x":0.333,"y":0},"t":24,"s":[{"i":[[-4.328,-7.496],[0,0],[8.655,0],[0,0],[-4.328,7.496],[0,0]],"o":[[0,0],[4.328,7.496],[0,0],[-8.655,0],[0,0],[4.328,-7.496]],"v":[[9.737,-109.638],[129.672,98.096],[119.935,114.961],[-119.935,114.961],[-129.672,98.096],[-9.737,-109.638]],"c":true}]},{"i":{"x":0.43,"y":1},"o":{"x":0.333,"y":0},"t":48,"s":[{"i":[[-4.747,-8.223],[0,0],[9.495,0],[0,0],[-4.747,8.223],[0,0]],"o":[[0,0],[4.747,8.223],[0,0],[-9.495,0],[0,0],[4.747,-8.223]],"v":[[10.682,-120.169],[142.253,107.719],[131.571,126.22],[-131.571,126.22],[-142.253,107.719],[-10.682,-120.169]],"c":true}]},{"i":{"x":0.467,"y":1},"o":{"x":0.696,"y":0},"t":83,"s":[{"i":[[-4.328,-7.496],[0,0],[8.655,0],[0,0],[-4.328,7.496],[0,0]],"o":[[0,0],[4.328,7.496],[0,0],[-8.655,0],[0,0],[4.328,-7.496]],"v":[[9.737,-109.638],[129.672,98.096],[119.935,114.961],[-119.935,114.961],[-129.672,98.096],[-9.737,-109.638]],"c":true}]},{"i":{"x":0.667,"y":1},"o":{"x":0.333,"y":0},"t":111,"s":[{"i":[[-5.628,-9.748],[0,0],[11.256,0],[0,0],[-5.628,9.748],[0,0]],"o":[[0,0],[5.628,9.748],[0,0],[-11.256,0],[0,0],[5.628,-9.748]],"v":[[12.663,-142.252],[168.633,127.896],[155.97,149.828],[-155.97,149.828],[-168.633,127.896],[-12.662,-142.252]],"c":true}]},{"i":{"x":0.667,"y":1},"o":{"x":0.333,"y":0},"t":130,"s":[{"i":[[-4.715,-8.167],[0,0],[9.43,0],[0,0],[-4.715,8.167],[0,0]],"o":[[0,0],[4.715,8.167],[0,0],[-9.43,0],[0,0],[4.715,-8.167]],"v":[[10.609,-119.359],[141.285,106.978],[130.676,125.354],[-130.676,125.354],[-141.285,106.978],[-10.609,-119.359]],"c":true}]},{"t":150,"s":[{"i":[[-5.016,-8.689],[0,0],[10.033,0],[0,0],[-5.016,8.689],[0,0]],"o":[[0,0],[5.016,8.689],[0,0],[-10.033,0],[0,0],[5.016,-8.689]],"v":[[11.287,-126.916],[150.313,113.883],[139.026,133.433],[-139.026,133.433],[-150.313,113.883],[-11.287,-126.916]],"c":true}]}],"ix":2},"nm":"Path 1","mn":"ADBE Vector Shape - Group","hd":false},{"ty":"st","c":{"a":0,"k":[0.070588238537,0.074509806931,0.192156866193,1],"ix":3,"x":"var $bm_rt;\n$bm_rt = thisComp.layer('Color  & Stroke Change').effect('Primary')('Color');"},"o":{"a":0,"k":100,"ix":4},"w":{"a":0,"k":12,"ix":5,"x":"var $bm_rt;\n$bm_rt = $bm_mul(17.2 / 100, thisComp.layer('Color  & Stroke Change').effect('Stroke')('Slider'));"},"lc":2,"lj":2,"bm":0,"nm":"Stroke 1","mn":"ADBE Vector Graphic - Stroke","hd":false},{"ty":"tr","p":{"a":0,"k":[0,0],"ix":2},"a":{"a":0,"k":[0,0],"ix":1},"s":{"a":0,"k":[100,100],"ix":3},"r":{"a":0,"k":0,"ix":6},"o":{"a":0,"k":100,"ix":7},"sk":{"a":0,"k":0,"ix":4},"sa":{"a":0,"k":0,"ix":5},"nm":"Transform"}],"nm":"Group 1","np":2,"cix":2,"bm":0,"ix":1,"mn":"ADBE Vector Group","hd":false}],"ip":0,"op":844,"st":0,"bm":0}],"markers":[]}